no,시도명,구시군명,선거인수,계_총투표수,계_박근혜,계_문재인,계_기타후보,계_무효,수개표_계,수개표_박근혜,수개표_문재인,수개표_기타후보,수개표_무효,분류기개표_계,분류기개표_유효투표수,분류기개표_박근혜,분류기개표_문재인,분류기개표_기타후보,분류기개표_무효투표수,분류_계,분류_박근혜,분류_문재인,분류_기타후보,미분류_계,미분류_유효,미분류_박근혜,미분류_문재인,미분류_기타후보,미분류_무효,20대,30대,40대,50대,60대이상
1.0,서울,종로구,141447.0,103189.0,49422.0,52747.0,467.0,553.0,4137.0,1965.0,2085.0,30.0,57.0,99052.0,98556.0,47457.0,50662.0,437.0,496.0,95947.0,46010.0,49528.0,409.0,3105.0,2609.0,1447.0,1134.0,28.0,496.0,22.54,16.14,18.87,16.87,25.58
2.0,서울,중구,115277.0,83095.0,40289.0,41919.0,345.0,542.0,3015.0,1521.0,1411.0,25.0,58.0,80080.0,79596.0,38768.0,40508.0,320.0,484.0,77337.0,37496.0,39546.0,295.0,2743.0,2259.0,1272.0,962.0,25.0,484.0,17.86,18.91,16.55,21.02,25.65
3.0,서울,용산구,206665.0,147849.0,76997.0,69572.0,565.0,715.0,5609.0,2934.0,2577.0,36.0,62.0,142240.0,141587.0,74063.0,66995.0,529.0,653.0,138143.0,72061.0,65575.0,507.0,4097.0,3444.0,2002.0,1420.0,22.0,653.0,18.8,21.74,17.26,18.07,24.13
4.0,서울,성동구,249514.0,185566.0,88658.0,95239.0,699.0,970.0,6005.0,2788.0,3098.0,39.0,80.0,179561.0,178671.0,85870.0,92141.0,660.0,890.0,175359.0,83959.0,90773.0,627.0,4202.0,3312.0,1911.0,1368.0,33.0,890.0,17.79,21.7,20.8,19.38,20.32
5.0,서울,광진구,307590.0,231171.0,106675.0,122537.0,834.0,1125.0,7645.0,3441.0,4038.0,69.0,97.0,223526.0,222498.0,103234.0,118499.0,765.0,1028.0,217158.0,100465.0,115964.0,729.0,6368.0,5340.0,2769.0,2535.0,36.0,1028.0,19.16,20.99,20.62,20.17,19.05
6.0,서울,동대문구,305303.0,227177.0,107972.0,116909.0,909.0,1387.0,7156.0,3180.0,3776.0,64.0,136.0,220021.0,218770.0,104792.0,113133.0,845.0,1251.0,213913.0,102008.0,111114.0,791.0,6108.0,4857.0,2784.0,2019.0,54.0,1251.0,19.04,20.06,17.68,19.72,23.49
7.0,서울,중랑구,348329.0,253369.0,121391.0,129630.0,909.0,1439.0,7905.0,3539.0,4104.0,94.0,168.0,245464.0,244193.0,117852.0,125526.0,815.0,1271.0,237392.0,114061.0,122564.0,767.0,8072.0,6801.0,3791.0,2962.0,48.0,1271.0,17.4,18.88,20.3,21.85,21.58
8.0,서울,성북구,396699.0,295525.0,134557.0,158429.0,1065.0,1474.0,9860.0,4305.0,5355.0,60.0,140.0,285665.0,284331.0,130252.0,153074.0,1005.0,1334.0,277040.0,126346.0,149742.0,952.0,8625.0,7291.0,3906.0,3332.0,53.0,1334.0,17.63,19.92,20.55,20.1,21.79
9.0,서울,강북구,286118.0,207927.0,94479.0,111470.0,791.0,1187.0,6240.0,2735.0,3338.0,46.0,121.0,201687.0,200621.0,91744.0,108132.0,745.0,1066.0,194587.0,88640.0,105248.0,699.0,7100.0,6034.0,3104.0,2884.0,46.0,1066.0,16.3,16.97,16.93,20.83,28.96
10.0,서울,도봉구,296521.0,225230.0,106942.0,116266.0,875.0,1147.0,7518.0,3443.0,3880.0,60.0,135.0,217712.0,216700.0,103499.0,112386.0,815.0,1012.0,212095.0,101009.0,110307.0,779.0,5617.0,4605.0,2490.0,2079.0,36.0,1012.0,17.81,17.31,21.41,21.98,21.48
11.0,서울,노원구,473741.0,368003.0,170114.0,194546.0,1438.0,1905.0,13674.0,6225.0,7125.0,113.0,211.0,354329.0,352635.0,163889.0,187421.0,1325.0,1694.0,345294.0,159875.0,184170.0,1249.0,9035.0,7341.0,4014.0,3251.0,76.0,1694.0,19.16,14.96,25.87,22.01,18.0
12.0,서울,은평구,409466.0,300923.0,135878.0,162177.0,1238.0,1630.0,10062.0,4506.0,5306.0,82.0,168.0,290861.0,289399.0,131372.0,156871.0,1156.0,1462.0,281310.0,127189.0,153038.0,1083.0,9551.0,8089.0,4183.0,3833.0,73.0,1462.0,16.94,20.19,19.72,20.13,23.01
13.0,서울,서대문구,261540.0,196130.0,88811.0,105412.0,835.0,1072.0,6898.0,3057.0,3710.0,41.0,90.0,189232.0,188250.0,85754.0,101702.0,794.0,982.0,183795.0,83376.0,99660.0,759.0,5437.0,4455.0,2378.0,2042.0,35.0,982.0,17.3,18.69,20.45,19.38,24.17
14.0,서울,마포구,319501.0,243026.0,106921.0,133849.0,1082.0,1174.0,7957.0,3494.0,4288.0,61.0,114.0,235069.0,234009.0,103427.0,129561.0,1021.0,1060.0,229047.0,100802.0,127272.0,973.0,6022.0,4962.0,2625.0,2289.0,48.0,1060.0,18.46,24.18,20.28,16.9,20.17
15.0,서울,양천구,390352.0,298957.0,141933.0,154539.0,1140.0,1345.0,10934.0,5076.0,5634.0,81.0,143.0,288023.0,286821.0,136857.0,148905.0,1059.0,1202.0,279028.0,132745.0,145284.0,999.0,8995.0,7793.0,4112.0,3621.0,60.0,1202.0,18.74,17.52,25.12,20.92,17.7
16.0,서울,강서구,463571.0,350023.0,162212.0,184866.0,1293.0,1652.0,11614.0,5263.0,6081.0,85.0,185.0,338409.0,336942.0,156949.0,178785.0,1208.0,1467.0,328701.0,152485.0,175072.0,1144.0,9708.0,8241.0,4464.0,3713.0,64.0,1467.0,18.42,22.54,20.26,20.38,18.4
17.0,서울,구로구,350373.0,269094.0,123106.0,143695.0,1021.0,1272.0,7989.0,3590.0,4223.0,50.0,126.0,261105.0,259959.0,119516.0,139472.0,971.0,1146.0,254997.0,116800.0,137274.0,923.0,6108.0,4962.0,2716.0,2198.0,48.0,1146.0,19.34,21.99,17.69,20.63,20.35
18.0,서울,금천구,202808.0,147632.0,66316.0,79933.0,554.0,829.0,4470.0,1993.0,2359.0,42.0,76.0,143162.0,142409.0,64323.0,77574.0,512.0,753.0,139626.0,62814.0,76323.0,489.0,3536.0,2783.0,1509.0,1251.0,23.0,753.0,16.6,18.41,18.73,20.71,25.55
19.0,서울,영등포구,327297.0,245975.0,118167.0,125657.0,991.0,1160.0,8039.0,3806.0,4075.0,48.0,110.0,237936.0,236886.0,114361.0,121582.0,943.0,1050.0,230774.0,110982.0,118891.0,901.0,7162.0,6112.0,3379.0,2691.0,42.0,1050.0,17.98,23.6,16.97,18.84,22.61
20.0,서울,동작구,338206.0,260307.0,117538.0,140437.0,1038.0,1294.0,8933.0,3941.0,4828.0,59.0,105.0,251374.0,250185.0,113597.0,135609.0,979.0,1189.0,244932.0,110819.0,133178.0,935.0,6442.0,5253.0,2778.0,2431.0,44.0,1189.0,20.61,22.12,16.34,18.13,22.8
21.0,서울,관악구,446910.0,333640.0,134105.0,196560.0,1378.0,1597.0,10038.0,4106.0,5733.0,52.0,147.0,323602.0,322152.0,129999.0,190827.0,1326.0,1450.0,314326.0,126302.0,186775.0,1249.0,9276.0,7826.0,3697.0,4052.0,77.0,1450.0,20.7,24.69,17.53,16.6,20.47
22.0,서울,서초구,352640.0,270848.0,158112.0,110649.0,1024.0,1063.0,10938.0,5912.0,4867.0,60.0,99.0,259910.0,258946.0,152200.0,105782.0,964.0,964.0,252661.0,148336.0,103399.0,926.0,7249.0,6285.0,3864.0,2383.0,38.0,964.0,18.36,20.7,20.43,20.03,20.47
23.0,서울,강남구,461592.0,343220.0,205563.0,134880.0,1316.0,1461.0,14523.0,8252.0,6040.0,67.0,164.0,328697.0,327400.0,197311.0,128840.0,1249.0,1297.0,309399.0,186586.0,121652.0,1161.0,19298.0,18001.0,10725.0,7188.0,88.0,1297.0,19.33,21.53,24.77,18.3,16.07
24.0,서울,송파구,545369.0,419631.0,217650.0,198590.0,1572.0,1819.0,15550.0,7992.0,7255.0,91.0,212.0,404081.0,402474.0,209658.0,191335.0,1481.0,1607.0,394882.0,205466.0,188011.0,1405.0,9199.0,7592.0,4192.0,3324.0,76.0,1607.0,19.18,20.27,20.82,20.96,18.78
25.0,서울,강동구,397018.0,300362.0,150764.0,147131.0,1109.0,1358.0,10639.0,5135.0,5260.0,83.0,161.0,289723.0,288526.0,145629.0,141871.0,1026.0,1197.0,283288.0,142666.0,139650.0,972.0,6435.0,5238.0,2963.0,2221.0,54.0,1197.0,18.81,20.63,21.0,22.1,17.46
26.0,부산,중구,42123.0,29939.0,19208.0,10567.0,78.0,86.0,988.0,493.0,473.0,7.0,15.0,28951.0,28880.0,18715.0,10094.0,71.0,71.0,27669.0,17821.0,9781.0,67.0,1282.0,1211.0,894.0,313.0,4.0,71.0,14.68,14.21,14.83,22.35,33.93
27.0,부산,서구,103696.0,75140.0,48129.0,26426.0,314.0,271.0,2659.0,1297.0,1254.0,47.0,61.0,72481.0,72271.0,46832.0,25172.0,267.0,210.0,68770.0,44264.0,24273.0,233.0,3711.0,3501.0,2568.0,899.0,34.0,210.0,14.48,12.49,14.67,23.24,35.13
28.0,부산,동구,85145.0,62994.0,40262.0,22338.0,215.0,179.0,1968.0,968.0,952.0,19.0,29.0,61026.0,60876.0,39294.0,21386.0,196.0,150.0,56802.0,36469.0,20171.0,162.0,4224.0,4074.0,2825.0,1215.0,34.0,150.0,14.15,15.86,15.45,23.17,31.36
29.0,부산,영도구,119481.0,86765.0,50903.0,35314.0,251.0,297.0,3115.0,1533.0,1513.0,19.0,50.0,83650.0,83403.0,49370.0,33801.0,232.0,247.0,80234.0,47171.0,32860.0,203.0,3416.0,3169.0,2199.0,941.0,29.0,247.0,14.93,13.57,15.86,23.14,32.51
30.0,부산,부산진구,328421.0,248245.0,146883.0,99987.0,740.0,635.0,8076.0,3673.0,4230.0,63.0,110.0,240169.0,239644.0,143210.0,95757.0,677.0,525.0,230247.0,136562.0,93067.0,618.0,9922.0,9397.0,6648.0,2690.0,59.0,525.0,16.31,17.35,19.63,22.53,24.18
31.0,부산,동래구,228712.0,178174.0,108913.0,68281.0,520.0,460.0,6634.0,3184.0,3314.0,49.0,87.0,171540.0,171167.0,105729.0,64967.0,471.0,373.0,166285.0,102391.0,63468.0,426.0,5255.0,4882.0,3338.0,1499.0,45.0,373.0,17.01,16.39,23.07,22.98,20.55
32.0,부산,남구,240343.0,184999.0,111763.0,72244.0,522.0,470.0,6482.0,3206.0,3139.0,55.0,82.0,178517.0,178129.0,108557.0,69105.0,467.0,388.0,172847.0,104998.0,67420.0,429.0,5670.0,5282.0,3559.0,1685.0,38.0,388.0,15.81,18.27,20.24,21.64,24.04
33.0,부산,북구,250964.0,196487.0,111611.0,83710.0,600.0,566.0,7142.0,3309.0,3667.0,60.0,106.0,189345.0,188885.0,108302.0,80043.0,540.0,460.0,182578.0,104220.0,77861.0,497.0,6767.0,6307.0,4082.0,2182.0,43.0,460.0,16.51,16.28,22.29,22.83,22.09
34.0,부산,해운대구,340520.0,260066.0,155263.0,103287.0,830.0,686.0,9836.0,4627.0,4983.0,89.0,137.0,250230.0,249681.0,150636.0,98304.0,741.0,549.0,242674.0,145915.0,96080.0,679.0,7556.0,7007.0,4721.0,2224.0,62.0,549.0,15.02,16.75,22.58,23.13,22.51
35.0,부산,기장군,89141.0,67694.0,41164.0,26084.0,201.0,245.0,2285.0,1185.0,1041.0,16.0,43.0,65409.0,65207.0,39979.0,25043.0,185.0,202.0,63611.0,38823.0,24627.0,161.0,1798.0,1596.0,1156.0,416.0,24.0,202.0,13.45,24.15,16.8,20.3,25.3
36.0,부산,사하구,286161.0,215739.0,125432.0,89012.0,595.0,700.0,7269.0,3415.0,3692.0,59.0,103.0,208470.0,207873.0,122017.0,85320.0,536.0,597.0,202185.0,118201.0,83490.0,494.0,6285.0,5688.0,3816.0,1830.0,42.0,597.0,17.13,17.53,21.64,22.62,21.07
37.0,부산,금정구,212193.0,164536.0,100400.0,63126.0,537.0,473.0,6210.0,2845.0,3249.0,47.0,69.0,158326.0,157922.0,97555.0,59877.0,490.0,404.0,154332.0,95025.0,58847.0,460.0,3994.0,3590.0,2530.0,1030.0,30.0,404.0,16.9,14.23,22.02,23.8,23.05
38.0,부산,강서구,54683.0,41319.0,24560.0,16494.0,121.0,144.0,1337.0,664.0,647.0,6.0,20.0,39982.0,39858.0,23896.0,15847.0,115.0,124.0,38564.0,22947.0,15517.0,100.0,1418.0,1294.0,949.0,330.0,15.0,124.0,15.0,11.18,16.36,26.21,31.25
39.0,부산,연제구,174375.0,135450.0,81370.0,53294.0,436.0,350.0,6937.0,3638.0,3191.0,45.0,63.0,128513.0,128226.0,77732.0,50103.0,391.0,287.0,125118.0,75562.0,49186.0,370.0,3395.0,3108.0,2170.0,917.0,21.0,287.0,15.87,18.19,19.47,23.01,23.46
40.0,부산,수영구,148960.0,113856.0,70198.0,43059.0,323.0,276.0,4193.0,1972.0,2148.0,23.0,50.0,109663.0,109437.0,68226.0,40911.0,300.0,226.0,106785.0,66336.0,40166.0,283.0,2878.0,2652.0,1890.0,745.0,17.0,226.0,16.1,17.2,16.53,23.22,26.95
41.0,부산,사상구,206782.0,158296.0,88100.0,69288.0,452.0,456.0,5139.0,2169.0,2856.0,37.0,77.0,153157.0,152778.0,85931.0,66432.0,415.0,379.0,147542.0,82559.0,64609.0,374.0,5615.0,5236.0,3372.0,1823.0,41.0,379.0,18.05,19.65,19.79,23.63,18.88
42.0,대구,중구,64938.0,49463.0,39910.0,9282.0,144.0,127.0,1619.0,1047.0,532.0,13.0,27.0,47844.0,47744.0,38863.0,8750.0,131.0,100.0,46060.0,37395.0,8556.0,109.0,1784.0,1684.0,1468.0,194.0,22.0,100.0,15.04,14.5,17.37,20.88,32.21
43.0,대구,동구,280065.0,221271.0,176185.0,43659.0,759.0,668.0,7593.0,4819.0,2434.0,127.0,213.0,213678.0,213223.0,171366.0,41225.0,632.0,455.0,202985.0,162992.0,39426.0,567.0,10693.0,10238.0,8374.0,1799.0,65.0,455.0,14.84,18.34,20.43,20.81,25.57
44.0,대구,서구,185772.0,143549.0,120625.0,22092.0,471.0,361.0,4308.0,2933.0,1271.0,34.0,70.0,139241.0,138950.0,117692.0,20821.0,437.0,291.0,133106.0,112539.0,20179.0,388.0,6135.0,5844.0,5153.0,642.0,49.0,291.0,16.05,13.9,19.58,24.9,25.58
45.0,대구,남구,143826.0,109075.0,88347.0,20092.0,395.0,241.0,3450.0,2250.0,1123.0,31.0,46.0,105625.0,105430.0,86097.0,18969.0,364.0,195.0,102446.0,83501.0,18618.0,327.0,3179.0,2984.0,2596.0,351.0,37.0,195.0,15.59,16.74,16.35,22.62,28.71
46.0,대구,북구,347154.0,278722.0,220974.0,56240.0,847.0,661.0,9508.0,6255.0,3012.0,88.0,153.0,269214.0,268706.0,214719.0,53228.0,759.0,508.0,260734.0,207965.0,52076.0,693.0,8480.0,7972.0,6754.0,1152.0,66.0,508.0,18.13,19.71,25.38,20.63,16.14
47.0,대구,수성구,353557.0,286479.0,225052.0,60016.0,825.0,586.0,11455.0,7560.0,3707.0,73.0,115.0,275024.0,274553.0,217492.0,56309.0,752.0,471.0,268469.0,212309.0,55455.0,705.0,6555.0,6084.0,5183.0,854.0,47.0,471.0,16.81,15.38,28.36,20.98,18.47
48.0,대구,달서구,472596.0,382874.0,304535.0,76363.0,1079.0,897.0,13645.0,9050.0,4343.0,80.0,172.0,369229.0,368504.0,295485.0,72020.0,999.0,725.0,360720.0,288853.0,70942.0,925.0,8509.0,7784.0,6632.0,1078.0,74.0,725.0,16.53,18.23,25.17,21.44,18.63
49.0,대구,달성군,142838.0,114373.0,92161.0,21290.0,497.0,425.0,4647.0,3266.0,1192.0,75.0,114.0,109726.0,109415.0,88895.0,20098.0,422.0,311.0,104087.0,84429.0,19305.0,353.0,5639.0,5328.0,4466.0,793.0,69.0,311.0,14.51,19.48,22.32,20.87,22.83
50.0,인천,중구,78606.0,55585.0,30613.0,24538.0,220.0,214.0,1651.0,810.0,805.0,11.0,25.0,53934.0,53745.0,29803.0,23733.0,209.0,189.0,52309.0,28877.0,23234.0,198.0,1625.0,1436.0,926.0,499.0,11.0,189.0,14.76,15.86,18.5,22.68,28.2
51.0,인천,동구,62787.0,46837.0,25911.0,20584.0,185.0,157.0,13619.0,7324.0,6194.0,64.0,37.0,33218.0,33098.0,18587.0,14390.0,121.0,120.0,31880.0,17750.0,14026.0,104.0,1338.0,1218.0,837.0,364.0,17.0,120.0,14.8,23.91,18.05,19.35,23.88
52.0,인천,남구,339766.0,243682.0,133464.0,108637.0,902.0,679.0,7217.0,3575.0,3464.0,70.0,108.0,236465.0,235894.0,129889.0,105173.0,832.0,571.0,228659.0,125141.0,102735.0,783.0,7806.0,7235.0,4748.0,2438.0,49.0,571.0,17.7,16.74,20.48,22.53,22.56
53.0,인천,연수구,224398.0,172068.0,91538.0,79429.0,610.0,491.0,6553.0,3190.0,3216.0,52.0,95.0,165515.0,165119.0,88348.0,76213.0,558.0,396.0,161091.0,85968.0,74591.0,532.0,4424.0,4028.0,2380.0,1622.0,26.0,396.0,19.98,16.61,24.67,21.94,16.8
54.0,인천,남동구,393970.0,293649.0,148815.0,143099.0,996.0,739.0,9464.0,4527.0,4713.0,99.0,125.0,284185.0,283571.0,144288.0,138386.0,897.0,614.0,275784.0,139961.0,134990.0,833.0,8401.0,7787.0,4327.0,3396.0,64.0,614.0,18.21,19.71,22.41,21.79,17.88
55.0,인천,부평구,445709.0,330418.0,159386.0,168820.0,1256.0,956.0,10686.0,4935.0,5457.0,131.0,163.0,319732.0,318939.0,154451.0,163363.0,1125.0,793.0,310538.0,149611.0,159882.0,1045.0,9194.0,8401.0,4840.0,3481.0,80.0,793.0,19.53,18.7,22.99,21.67,17.12
56.0,인천,계양구,267899.0,197466.0,92670.0,103499.0,743.0,554.0,10473.0,4882.0,5404.0,67.0,120.0,186993.0,186559.0,87788.0,98095.0,676.0,434.0,181323.0,85135.0,95547.0,641.0,5670.0,5236.0,2653.0,2548.0,35.0,434.0,20.8,18.99,24.13,22.16,13.93
57.0,인천,서구,353650.0,262508.0,131340.0,129603.0,856.0,709.0,8521.0,3985.0,4298.0,82.0,156.0,253987.0,253434.0,127355.0,125305.0,774.0,553.0,246143.0,123196.0,122230.0,717.0,7844.0,7291.0,4159.0,3075.0,57.0,553.0,18.09,20.89,24.41,21.47,15.13
58.0,인천,강화군,57270.0,42705.0,29666.0,12534.0,264.0,241.0,1891.0,928.0,884.0,29.0,50.0,40814.0,40623.0,28738.0,11650.0,235.0,191.0,38476.0,27106.0,11184.0,186.0,2338.0,2147.0,1632.0,466.0,49.0,191.0,9.77,7.94,14.15,23.89,44.27
59.0,인천,옹진군,17311.0,12903.0,9197.0,3470.0,121.0,115.0,5061.0,3660.0,1299.0,45.0,57.0,7842.0,7784.0,5537.0,2171.0,76.0,58.0,7341.0,5199.0,2089.0,53.0,501.0,443.0,338.0,82.0,23.0,58.0,6.59,7.25,16.48,25.8,43.88
60.0,광주,동구,88752.0,68402.0,6693.0,61023.0,303.0,383.0,2683.0,390.0,2233.0,21.0,39.0,65719.0,65375.0,6303.0,58790.0,282.0,344.0,63489.0,6094.0,57154.0,241.0,2230.0,1886.0,209.0,1636.0,41.0,344.0,17.11,15.78,17.89,19.84,29.38
61.0,광주,서구,239898.0,194600.0,15648.0,178033.0,422.0,497.0,8053.0,1003.0,6876.0,61.0,113.0,186547.0,186163.0,14645.0,171157.0,361.0,384.0,182065.0,14200.0,167539.0,326.0,4482.0,4098.0,445.0,3618.0,35.0,384.0,17.61,20.84,24.45,17.26,19.83
62.0,광주,남구,171637.0,137610.0,11307.0,125439.0,349.0,515.0,5956.0,782.0,5040.0,44.0,90.0,131654.0,131229.0,10525.0,120399.0,305.0,425.0,127412.0,10148.0,117004.0,260.0,4242.0,3817.0,377.0,3395.0,45.0,425.0,15.18,19.87,24.18,17.25,23.52
63.0,광주,북구,344569.0,276928.0,20378.0,255181.0,655.0,714.0,11268.0,1459.0,9594.0,74.0,141.0,265660.0,265087.0,18919.0,245587.0,581.0,573.0,257964.0,18253.0,239189.0,522.0,7696.0,7123.0,666.0,6398.0,59.0,573.0,19.53,18.53,24.51,19.76,17.68
64.0,광주,광산구,272925.0,220876.0,15548.0,204061.0,546.0,721.0,8019.0,1201.0,6647.0,67.0,104.0,212857.0,212240.0,14347.0,197414.0,479.0,617.0,206230.0,13801.0,192018.0,411.0,6627.0,6010.0,546.0,5396.0,68.0,617.0,17.0,25.25,28.12,15.21,14.42
65.0,대전,동구,202718.0,150344.0,77725.0,71702.0,500.0,417.0,4766.0,2111.0,2532.0,41.0,82.0,145578.0,145243.0,75614.0,69170.0,459.0,335.0,139598.0,72240.0,66954.0,404.0,5980.0,5645.0,3374.0,2216.0,55.0,335.0,17.23,17.17,17.33,22.1,26.17
66.0,대전,중구,210394.0,159448.0,85297.0,73173.0,515.0,463.0,5553.0,2552.0,2832.0,49.0,120.0,153895.0,153552.0,82745.0,70341.0,466.0,343.0,150099.0,80545.0,69113.0,441.0,3796.0,3453.0,2200.0,1228.0,25.0,343.0,15.84,15.42,16.6,22.83,29.31
67.0,대전,서구,382855.0,293767.0,144068.0,148011.0,945.0,743.0,11644.0,5193.0,6190.0,102.0,159.0,282123.0,281539.0,138875.0,141821.0,843.0,584.0,274132.0,134644.0,138707.0,781.0,7991.0,7407.0,4231.0,3114.0,62.0,584.0,18.5,17.45,25.08,22.01,16.96
68.0,대전,유성구,225936.0,179329.0,81928.0,96401.0,576.0,424.0,7691.0,3356.0,4158.0,64.0,113.0,171638.0,171327.0,78572.0,92243.0,512.0,311.0,167372.0,76415.0,90473.0,484.0,4266.0,3955.0,2157.0,1770.0,28.0,311.0,17.07,25.12,23.35,19.99,14.48
69.0,대전,대덕구,160418.0,121479.0,61558.0,59023.0,456.0,442.0,4126.0,1858.0,2148.0,53.0,67.0,117353.0,116978.0,59700.0,56875.0,403.0,375.0,113729.0,57766.0,55598.0,365.0,3624.0,3249.0,1934.0,1277.0,38.0,375.0,17.81,19.13,25.66,20.5,16.9
70.0,울산,중구,185086.0,144599.0,90238.0,53304.0,548.0,509.0,5765.0,2716.0,2863.0,67.0,119.0,138834.0,138444.0,87522.0,50441.0,481.0,390.0,134855.0,84974.0,49440.0,441.0,3979.0,3589.0,2548.0,1001.0,40.0,390.0,17.8,15.49,23.67,23.6,19.43
71.0,울산,남구,269354.0,211458.0,129515.0,80536.0,792.0,615.0,8569.0,4131.0,4236.0,86.0,116.0,202889.0,202390.0,125384.0,76300.0,706.0,499.0,198206.0,122450.0,75091.0,665.0,4683.0,4184.0,2934.0,1209.0,41.0,499.0,16.03,18.42,26.26,22.33,16.96
72.0,울산,동구,137363.0,107305.0,58969.0,47401.0,537.0,398.0,3794.0,1698.0,1990.0,43.0,63.0,103511.0,103176.0,57271.0,45411.0,494.0,335.0,100479.0,55569.0,44442.0,468.0,3032.0,2697.0,1702.0,969.0,26.0,335.0,18.32,24.46,20.36,24.58,12.29
73.0,울산,북구,134522.0,107875.0,57809.0,49202.0,514.0,350.0,4015.0,1850.0,2054.0,46.0,65.0,103860.0,103575.0,55959.0,47148.0,468.0,285.0,101096.0,54391.0,46265.0,440.0,2764.0,2479.0,1568.0,883.0,28.0,285.0,15.53,23.87,31.64,16.49,12.47
74.0,울산,울주군,159736.0,123701.0,77446.0,45008.0,614.0,633.0,4742.0,2369.0,2169.0,67.0,137.0,118959.0,118463.0,75077.0,42839.0,547.0,496.0,114891.0,72482.0,41932.0,477.0,4068.0,3572.0,2595.0,907.0,70.0,496.0,15.04,17.55,23.47,23.18,20.76
75.0,세종,세종시,87707.0,64990.0,33587.0,30787.0,323.0,293.0,2871.0,1252.0,1476.0,54.0,89.0,62119.0,61915.0,32335.0,29311.0,269.0,204.0,60298.0,31302.0,28754.0,242.0,1821.0,1617.0,1033.0,557.0,27.0,204.0,12.82,13.32,19.49,22.25,32.13
76.0,경기,수원시장안구,225754.0,175095.0,85548.0,88360.0,684.0,503.0,5928.0,2736.0,3051.0,56.0,85.0,169167.0,168749.0,82812.0,85309.0,628.0,418.0,163610.0,79773.0,83256.0,581.0,5557.0,5139.0,3039.0,2053.0,47.0,418.0,20.12,15.69,26.94,20.82,16.43
77.0,경기,수원시권선구,258753.0,192297.0,94970.0,96064.0,679.0,584.0,6358.0,2939.0,3224.0,80.0,115.0,185939.0,185470.0,92031.0,92840.0,599.0,469.0,180110.0,88938.0,90621.0,551.0,5829.0,5360.0,3093.0,2219.0,48.0,469.0,21.33,22.2,23.13,19.75,13.59
78.0,경기,수원시팔달구,167784.0,121476.0,63522.0,57156.0,443.0,355.0,3874.0,1825.0,1957.0,35.0,57.0,117602.0,117304.0,61697.0,55199.0,408.0,298.0,113957.0,59634.0,53937.0,386.0,3645.0,3347.0,2063.0,1262.0,22.0,298.0,19.34,18.79,22.25,21.49,18.13
79.0,경기,수원시영통구,208298.0,165741.0,74873.0,89927.0,533.0,408.0,5882.0,2692.0,3070.0,38.0,82.0,159859.0,159533.0,72181.0,86857.0,495.0,326.0,155873.0,70169.0,85225.0,479.0,3986.0,3660.0,2012.0,1632.0,16.0,326.0,21.01,20.28,29.03,19.42,10.26
80.0,경기,성남시수정구,193613.0,138079.0,62526.0,74640.0,475.0,438.0,4181.0,1854.0,2227.0,34.0,66.0,133898.0,133526.0,60672.0,72413.0,441.0,372.0,127003.0,57222.0,69379.0,402.0,6895.0,6523.0,3450.0,3034.0,39.0,372.0,17.22,19.6,18.71,20.89,23.57
81.0,경기,성남시중원구,206445.0,147567.0,68309.0,78261.0,481.0,516.0,4394.0,1984.0,2285.0,43.0,82.0,143173.0,142739.0,66325.0,75976.0,438.0,434.0,138607.0,64033.0,74166.0,408.0,4566.0,4132.0,2292.0,1810.0,30.0,434.0,18.52,20.01,22.36,20.91,18.2
82.0,경기,성남시분당구,381468.0,306328.0,162103.0,142315.0,1115.0,795.0,12270.0,6198.0,5865.0,70.0,137.0,294058.0,293400.0,155905.0,136450.0,1045.0,658.0,287017.0,152331.0,133683.0,1003.0,7041.0,6383.0,3574.0,2767.0,42.0,658.0,18.45,19.87,22.43,19.64,19.61
83.0,경기,의정부시,337945.0,249229.0,127092.0,120550.0,786.0,801.0,7818.0,3736.0,3888.0,75.0,119.0,241411.0,240729.0,123356.0,116662.0,711.0,682.0,226323.0,115216.0,110462.0,645.0,15088.0,14406.0,8140.0,6200.0,66.0,682.0,16.55,19.88,23.7,20.05,19.83
84.0,경기,안양시만안구,206674.0,156859.0,76396.0,79472.0,519.0,472.0,5090.0,2447.0,2526.0,41.0,76.0,151769.0,151373.0,73949.0,76946.0,478.0,396.0,147055.0,71349.0,75258.0,448.0,4714.0,4318.0,2600.0,1688.0,30.0,396.0,20.08,18.87,20.91,22.2,17.94
85.0,경기,안양시동안구,276827.0,221572.0,103793.0,116384.0,812.0,583.0,7817.0,3595.0,4078.0,60.0,84.0,213755.0,213256.0,100198.0,112306.0,752.0,499.0,207835.0,97221.0,109902.0,712.0,5920.0,5421.0,2977.0,2404.0,40.0,499.0,18.9,23.54,23.68,19.55,14.33
86.0,경기,부천시원미구,354869.0,268007.0,121498.0,144862.0,920.0,727.0,9199.0,3989.0,4998.0,81.0,131.0,258808.0,258212.0,117509.0,139864.0,839.0,596.0,252334.0,114382.0,137157.0,795.0,6474.0,5878.0,3127.0,2707.0,44.0,596.0,20.53,18.64,21.78,23.76,15.28
87.0,경기,부천시소사구,185997.0,140133.0,64835.0,74327.0,483.0,488.0,4434.0,1997.0,2288.0,41.0,108.0,135699.0,135319.0,62838.0,72039.0,442.0,380.0,132205.0,61075.0,70711.0,419.0,3494.0,3114.0,1763.0,1328.0,23.0,380.0,20.33,22.33,20.09,21.69,15.56
88.0,경기,부천시오정구,151739.0,109015.0,50291.0,57987.0,388.0,349.0,3522.0,1598.0,1838.0,32.0,54.0,105493.0,105198.0,48693.0,56149.0,356.0,295.0,102098.0,46948.0,54826.0,324.0,3395.0,3100.0,1745.0,1323.0,32.0,295.0,18.98,17.63,22.38,22.33,18.67
89.0,경기,광명시,278075.0,216922.0,94631.0,120851.0,757.0,683.0,6472.0,2873.0,3455.0,57.0,87.0,210450.0,209854.0,91758.0,117396.0,700.0,596.0,204644.0,88973.0,115016.0,655.0,5806.0,5210.0,2785.0,2380.0,45.0,596.0,16.91,26.41,22.02,18.88,15.77
90.0,경기,평택시,333774.0,239544.0,135781.0,101951.0,1039.0,773.0,8695.0,4554.0,3914.0,99.0,128.0,230849.0,230204.0,131227.0,98037.0,940.0,645.0,221208.0,125075.0,95284.0,849.0,9641.0,8996.0,6152.0,2753.0,91.0,645.0,15.09,19.56,24.95,19.64,20.76
91.0,경기,양주시,154363.0,111883.0,61889.0,49201.0,406.0,387.0,4072.0,1977.0,1951.0,57.0,87.0,107811.0,107511.0,59912.0,47250.0,349.0,300.0,101335.0,56099.0,44928.0,308.0,6476.0,6176.0,3813.0,2322.0,41.0,300.0,15.7,18.22,24.39,21.25,20.44
92.0,경기,동두천시,77102.0,52984.0,31188.0,21296.0,209.0,291.0,1857.0,936.0,868.0,27.0,26.0,51127.0,50862.0,30252.0,20428.0,182.0,265.0,49116.0,29077.0,19876.0,163.0,2011.0,1746.0,1175.0,552.0,19.0,265.0,15.87,14.38,20.8,22.31,26.63
93.0,경기,안산시상록구,292424.0,211371.0,97913.0,112075.0,755.0,628.0,7046.0,3147.0,3698.0,83.0,118.0,204325.0,203815.0,94766.0,108377.0,672.0,510.0,198014.0,91653.0,105731.0,630.0,6311.0,5801.0,3113.0,2646.0,42.0,510.0,20.99,19.59,26.89,19.06,13.47
94.0,경기,안산시단원구,256246.0,184903.0,87893.0,95849.0,628.0,533.0,6071.0,2796.0,3129.0,56.0,90.0,178832.0,178389.0,85097.0,92720.0,572.0,443.0,171222.0,81386.0,89321.0,515.0,7610.0,7167.0,3711.0,3399.0,57.0,443.0,18.0,22.84,26.29,18.98,13.89
95.0,경기,고양시덕양구,310405.0,235041.0,114871.0,118515.0,887.0,768.0,8295.0,3812.0,4259.0,93.0,131.0,226746.0,226109.0,111059.0,114256.0,794.0,637.0,220833.0,107898.0,112173.0,762.0,5913.0,5276.0,3161.0,2083.0,32.0,637.0,17.22,17.11,25.06,20.29,20.33
96.0,경기,고양시일산동구,219923.0,167095.0,80535.0,85504.0,608.0,448.0,6567.0,2880.0,3555.0,46.0,86.0,160528.0,160166.0,77655.0,81949.0,562.0,362.0,154855.0,74932.0,79402.0,521.0,5673.0,5311.0,2723.0,2547.0,41.0,362.0,18.06,16.29,28.07,21.47,16.12
97.0,경기,고양시일산서구,220417.0,171813.0,81992.0,88785.0,618.0,418.0,6526.0,2901.0,3505.0,47.0,73.0,165287.0,164942.0,79091.0,85280.0,571.0,345.0,159520.0,76331.0,82652.0,537.0,5767.0,5422.0,2760.0,2628.0,34.0,345.0,18.16,17.42,28.68,19.12,16.62
98.0,경기,과천시,55657.0,44853.0,22507.0,21923.0,258.0,165.0,1918.0,877.0,1003.0,16.0,22.0,42935.0,42792.0,21630.0,20920.0,242.0,143.0,41968.0,21106.0,20630.0,232.0,967.0,824.0,524.0,290.0,10.0,143.0,18.24,17.31,29.76,21.07,13.62
99.0,경기,의왕시,119634.0,94567.0,45541.0,48412.0,366.0,248.0,3119.0,1427.0,1620.0,24.0,48.0,91448.0,91248.0,44114.0,46792.0,342.0,200.0,89163.0,42887.0,45945.0,331.0,2285.0,2085.0,1227.0,847.0,11.0,200.0,17.18,20.24,27.1,19.56,15.92
100.0,경기,구리시,150179.0,113698.0,56748.0,56219.0,395.0,336.0,3928.0,1811.0,2030.0,34.0,53.0,109770.0,109487.0,54937.0,54189.0,361.0,283.0,106194.0,52981.0,52879.0,334.0,3576.0,3293.0,1956.0,1310.0,27.0,283.0,17.03,20.51,26.7,19.46,16.31
101.0,경기,남양주시,454216.0,335323.0,171230.0,161920.0,1074.0,1099.0,10536.0,4909.0,5331.0,119.0,177.0,324787.0,323865.0,166321.0,156589.0,955.0,922.0,314028.0,160389.0,152755.0,884.0,10759.0,9837.0,5932.0,3834.0,71.0,922.0,15.65,20.3,23.33,20.96,19.75
102.0,경기,오산시,147979.0,106486.0,52301.0,53507.0,388.0,290.0,2902.0,1407.0,1417.0,32.0,46.0,103584.0,103340.0,50894.0,52090.0,356.0,244.0,99161.0,48515.0,50320.0,326.0,4423.0,4179.0,2379.0,1770.0,30.0,244.0,15.08,31.44,22.67,14.5,16.32
103.0,경기,화성시,385169.0,288704.0,140538.0,146338.0,1043.0,785.0,8249.0,3880.0,4155.0,66.0,148.0,280455.0,279818.0,136658.0,142183.0,977.0,637.0,274025.0,133202.0,139935.0,888.0,6430.0,5793.0,3456.0,2248.0,89.0,637.0,13.24,29.43,24.8,16.42,16.11
104.0,경기,시흥시,301719.0,215665.0,102267.0,112012.0,748.0,638.0,6768.0,3125.0,3432.0,79.0,132.0,208897.0,208391.0,99142.0,108580.0,669.0,506.0,203499.0,96432.0,106450.0,617.0,5398.0,4892.0,2710.0,2130.0,52.0,506.0,19.3,20.84,26.72,19.95,13.18
105.0,경기,군포시,222840.0,176080.0,80722.0,94255.0,636.0,467.0,5793.0,2562.0,3098.0,53.0,80.0,170287.0,169900.0,78160.0,91157.0,583.0,387.0,166414.0,76190.0,89667.0,557.0,3873.0,3486.0,1970.0,1490.0,26.0,387.0,18.4,20.61,25.85,19.44,15.71
106.0,경기,하남시,118494.0,88508.0,47676.0,40221.0,289.0,322.0,2780.0,1305.0,1412.0,23.0,40.0,85728.0,85446.0,46371.0,38809.0,266.0,282.0,83674.0,45276.0,38142.0,256.0,2054.0,1772.0,1095.0,667.0,10.0,282.0,16.33,18.5,22.53,22.26,20.39
107.0,경기,파주시,302153.0,222553.0,114672.0,106323.0,856.0,702.0,7513.0,3563.0,3724.0,94.0,132.0,215040.0,214470.0,111109.0,102599.0,762.0,570.0,207355.0,106535.0,100144.0,676.0,7685.0,7115.0,4574.0,2455.0,86.0,570.0,14.39,23.41,24.62,18.32,19.27
108.0,경기,여주군,87815.0,62882.0,40504.0,21766.0,339.0,273.0,2317.0,1122.0,1143.0,15.0,37.0,60565.0,60329.0,39382.0,20623.0,324.0,236.0,58170.0,37749.0,20165.0,256.0,2395.0,2159.0,1633.0,458.0,68.0,236.0,12.73,17.97,25.39,21.02,22.9
109.0,경기,이천시,157488.0,113269.0,66241.0,45996.0,479.0,553.0,4146.0,1998.0,1949.0,59.0,140.0,109123.0,108710.0,64243.0,44047.0,420.0,413.0,104131.0,60955.0,42814.0,362.0,4992.0,4579.0,3288.0,1233.0,58.0,413.0,14.62,22.89,24.63,19.13,18.73
110.0,경기,용인시처인구,164566.0,118365.0,67598.0,49828.0,479.0,460.0,3884.0,1885.0,1907.0,28.0,64.0,114481.0,114085.0,65713.0,47921.0,451.0,396.0,110290.0,63190.0,46702.0,398.0,4191.0,3795.0,2523.0,1219.0,53.0,396.0,16.38,21.05,24.8,18.74,19.03
111.0,경기,용인시수지구,244771.0,195876.0,101487.0,93337.0,638.0,414.0,6796.0,3266.0,3421.0,39.0,70.0,189080.0,188736.0,98221.0,89916.0,599.0,344.0,185109.0,96064.0,88465.0,580.0,3971.0,3627.0,2157.0,1451.0,19.0,344.0,14.84,25.07,24.93,17.22,17.94
112.0,경기,용인시기흥구,277326.0,217011.0,104957.0,110907.0,686.0,461.0,6863.0,3154.0,3586.0,40.0,83.0,210148.0,209770.0,101803.0,107321.0,646.0,378.0,205043.0,99256.0,105171.0,616.0,5105.0,4727.0,2547.0,2150.0,30.0,378.0,13.87,27.3,25.97,15.37,17.49
113.0,경기,안성시,142260.0,102464.0,57656.0,43967.0,442.0,399.0,3358.0,1569.0,1690.0,24.0,75.0,99106.0,98782.0,56087.0,42277.0,418.0,324.0,94182.0,53045.0,40783.0,354.0,4924.0,4600.0,3042.0,1494.0,64.0,324.0,15.42,20.31,21.82,20.96,21.48
114.0,경기,김포시,218508.0,164872.0,88962.0,74859.0,563.0,488.0,5337.0,2586.0,2629.0,52.0,70.0,159535.0,159117.0,86376.0,72230.0,511.0,418.0,153854.0,83056.0,70335.0,463.0,5681.0,5263.0,3320.0,1895.0,48.0,418.0,14.45,16.82,23.14,22.4,23.2
115.0,경기,광주시,214855.0,157795.0,84388.0,72299.0,489.0,619.0,4911.0,2358.0,2393.0,55.0,105.0,152884.0,152370.0,82030.0,69906.0,434.0,514.0,148986.0,79884.0,68694.0,408.0,3898.0,3384.0,2146.0,1212.0,26.0,514.0,15.43,21.96,25.22,19.69,17.7
116.0,경기,포천시,126354.0,89172.0,56633.0,31751.0,402.0,386.0,3428.0,1741.0,1584.0,47.0,56.0,85744.0,85414.0,54892.0,30167.0,355.0,330.0,81731.0,52171.0,29253.0,307.0,4013.0,3683.0,2721.0,914.0,48.0,330.0,15.16,18.48,25.69,19.64,21.03
117.0,경기,연천군,37796.0,27716.0,17989.0,9359.0,189.0,179.0,16665.0,11034.0,5389.0,118.0,124.0,11051.0,10996.0,6955.0,3970.0,71.0,55.0,10445.0,6573.0,3813.0,59.0,606.0,551.0,382.0,157.0,12.0,55.0,12.31,10.95,15.29,21.07,40.37
118.0,경기,양평군,84769.0,62448.0,40862.0,20857.0,405.0,324.0,2800.0,1399.0,1271.0,51.0,79.0,59648.0,59403.0,39463.0,19586.0,354.0,245.0,57429.0,38019.0,19112.0,298.0,2219.0,1974.0,1444.0,474.0,56.0,245.0,8.35,7.89,12.79,25.01,45.96
119.0,경기,가평군,50634.0,37316.0,24987.0,11696.0,335.0,298.0,2658.0,1498.0,892.0,127.0,141.0,34658.0,34501.0,23489.0,10804.0,208.0,157.0,32938.0,22407.0,10352.0,179.0,1720.0,1563.0,1082.0,452.0,29.0,157.0,11.64,11.04,15.2,24.68,37.45
120.0,강원,춘천시,215931.0,163981.0,93414.0,69365.0,685.0,517.0,6752.0,3263.0,3310.0,75.0,104.0,157229.0,156816.0,90151.0,66055.0,610.0,413.0,148739.0,84973.0,63214.0,552.0,8490.0,8077.0,5178.0,2841.0,58.0,413.0,13.47,17.76,21.93,22.68,24.15
121.0,강원,원주시,251375.0,182937.0,105702.0,75943.0,727.0,565.0,7485.0,3469.0,3834.0,65.0,117.0,175452.0,175004.0,102233.0,72109.0,662.0,448.0,170617.0,99286.0,70729.0,602.0,4835.0,4387.0,2947.0,1380.0,60.0,448.0,15.77,12.44,21.99,25.3,24.51
122.0,강원,강릉시,175077.0,129776.0,85045.0,43750.0,524.0,457.0,5400.0,2562.0,2677.0,52.0,109.0,124376.0,124028.0,82483.0,41073.0,472.0,348.0,120031.0,79489.0,40132.0,410.0,4345.0,3997.0,2994.0,941.0,62.0,348.0,13.34,13.83,19.89,24.61,28.33
123.0,강원,동해시,74573.0,55083.0,36139.0,18511.0,208.0,225.0,3659.0,1963.0,1583.0,50.0,63.0,51424.0,51262.0,34176.0,16928.0,158.0,162.0,49699.0,32984.0,16577.0,138.0,1725.0,1563.0,1192.0,351.0,20.0,162.0,12.77,17.32,22.37,23.63,23.92
124.0,강원,삼척시,60724.0,44452.0,28849.0,14874.0,400.0,329.0,2894.0,1281.0,1526.0,28.0,59.0,41558.0,41288.0,27568.0,13348.0,372.0,270.0,39866.0,26514.0,13053.0,299.0,1692.0,1422.0,1054.0,295.0,73.0,270.0,8.1,9.71,15.91,22.91,43.37
125.0,강원,태백시,40408.0,28993.0,18850.0,9935.0,106.0,102.0,1288.0,586.0,672.0,5.0,25.0,27705.0,27628.0,18264.0,9263.0,101.0,77.0,26471.0,17389.0,8995.0,87.0,1234.0,1157.0,875.0,268.0,14.0,77.0,10.27,11.51,16.99,29.7,31.53
126.0,강원,정선군,33781.0,24116.0,15188.0,8610.0,188.0,130.0,1068.0,445.0,613.0,5.0,5.0,23048.0,22923.0,14743.0,7997.0,183.0,125.0,21884.0,14010.0,7722.0,152.0,1164.0,1039.0,733.0,275.0,31.0,125.0,8.01,8.76,16.49,26.2,40.53
127.0,강원,속초시,66297.0,47634.0,29651.0,17671.0,162.0,150.0,2195.0,1094.0,1044.0,18.0,39.0,45439.0,45328.0,28557.0,16627.0,144.0,111.0,44098.0,27639.0,16323.0,136.0,1341.0,1230.0,918.0,304.0,8.0,111.0,12.55,13.25,23.11,24.69,26.4
128.0,강원,고성군,25669.0,19177.0,12689.0,6285.0,113.0,90.0,1446.0,788.0,623.0,13.0,22.0,17731.0,17663.0,11901.0,5662.0,100.0,68.0,16191.0,10887.0,5221.0,83.0,1540.0,1472.0,1014.0,441.0,17.0,68.0,16.42,7.14,14.23,22.74,39.47
129.0,강원,양양군,23584.0,18055.0,12007.0,5869.0,80.0,99.0,917.0,471.0,422.0,4.0,20.0,17138.0,17059.0,11536.0,5447.0,76.0,79.0,16513.0,11151.0,5300.0,62.0,625.0,546.0,385.0,147.0,14.0,79.0,10.13,16.03,18.26,21.55,34.03
130.0,강원,인제군,26234.0,19762.0,12156.0,7320.0,153.0,133.0,1253.0,673.0,543.0,17.0,20.0,18509.0,18396.0,11483.0,6777.0,136.0,113.0,17697.0,10999.0,6588.0,110.0,812.0,699.0,484.0,189.0,26.0,113.0,27.81,17.98,13.74,17.53,22.94
131.0,강원,홍천군,57463.0,42406.0,26715.0,15201.0,254.0,236.0,2209.0,1131.0,1019.0,13.0,46.0,40197.0,40007.0,25584.0,14182.0,241.0,190.0,38559.0,24528.0,13831.0,200.0,1638.0,1448.0,1056.0,351.0,41.0,190.0,10.16,8.12,16.44,28.14,37.14
132.0,강원,횡성군,37340.0,27723.0,17876.0,9502.0,198.0,147.0,1099.0,522.0,538.0,12.0,27.0,26624.0,26504.0,17354.0,8964.0,186.0,120.0,25311.0,16493.0,8653.0,165.0,1313.0,1193.0,861.0,311.0,21.0,120.0,10.53,13.04,18.64,23.12,34.67
133.0,강원,영월군,33827.0,24853.0,15515.0,9021.0,193.0,124.0,1305.0,563.0,701.0,18.0,23.0,23548.0,23447.0,14952.0,8320.0,175.0,101.0,22435.0,14228.0,8063.0,144.0,1113.0,1012.0,724.0,257.0,31.0,101.0,7.38,9.15,16.14,24.14,43.2
134.0,강원,평창군,36478.0,26084.0,16406.0,9381.0,167.0,130.0,1237.0,560.0,647.0,9.0,21.0,24847.0,24738.0,15846.0,8734.0,158.0,109.0,23658.0,15052.0,8484.0,122.0,1189.0,1080.0,794.0,250.0,36.0,109.0,10.46,12.81,19.2,25.18,32.34
135.0,강원,화천군,20345.0,15228.0,9838.0,5139.0,125.0,126.0,1383.0,754.0,567.0,25.0,37.0,13845.0,13756.0,9084.0,4572.0,100.0,89.0,13216.0,8697.0,4430.0,89.0,629.0,540.0,387.0,142.0,11.0,89.0,17.69,11.11,11.91,23.38,35.91
136.0,강원,양구군,18033.0,13665.0,8547.0,4957.0,90.0,71.0,917.0,503.0,386.0,12.0,16.0,12748.0,12693.0,8044.0,4571.0,78.0,55.0,12176.0,7675.0,4434.0,67.0,572.0,517.0,369.0,137.0,11.0,55.0,18.45,20.73,19.06,20.63,21.13
137.0,강원,철원군,38508.0,28063.0,18289.0,9536.0,135.0,103.0,1671.0,877.0,760.0,14.0,20.0,26392.0,26309.0,17412.0,8776.0,121.0,83.0,25413.0,16741.0,8560.0,112.0,979.0,896.0,671.0,216.0,9.0,83.0,17.21,15.68,15.9,20.67,30.53
138.0,충북,청주시상당구,185497.0,141798.0,76695.0,64194.0,461.0,448.0,5384.0,2503.0,2758.0,46.0,77.0,136414.0,136043.0,74192.0,61436.0,415.0,371.0,131450.0,71200.0,59877.0,373.0,4964.0,4593.0,2992.0,1559.0,42.0,371.0,17.1,16.98,21.85,21.66,22.41
139.0,충북,청주시흥덕구,322399.0,245334.0,124308.0,119523.0,864.0,639.0,9080.0,4056.0,4836.0,84.0,104.0,236254.0,235719.0,120252.0,114687.0,780.0,535.0,229514.0,116515.0,112290.0,709.0,6740.0,6205.0,3737.0,2397.0,71.0,535.0,19.41,21.45,23.63,20.38,15.12
140.0,충북,충주시,166618.0,122824.0,73561.0,48264.0,600.0,399.0,4832.0,2200.0,2522.0,44.0,66.0,117992.0,117659.0,71361.0,45742.0,556.0,333.0,114403.0,69073.0,44840.0,490.0,3589.0,3256.0,2288.0,902.0,66.0,333.0,15.03,15.58,19.77,21.85,27.77
141.0,충북,제천시,110855.0,82747.0,50284.0,31682.0,420.0,361.0,3167.0,1419.0,1658.0,32.0,58.0,79580.0,79277.0,48865.0,30024.0,388.0,303.0,76856.0,47120.0,29414.0,322.0,2724.0,2421.0,1745.0,610.0,66.0,303.0,14.4,17.28,20.45,21.26,26.61
142.0,충북,단양군,26486.0,19763.0,12957.0,6510.0,176.0,120.0,950.0,445.0,488.0,6.0,11.0,18813.0,18704.0,12512.0,6022.0,170.0,109.0,17544.0,11670.0,5738.0,136.0,1269.0,1160.0,842.0,284.0,34.0,109.0,10.42,12.2,21.22,25.47,30.7
143.0,충북,청원군,121564.0,91243.0,46968.0,43359.0,506.0,410.0,3216.0,1529.0,1529.0,56.0,102.0,88027.0,87719.0,45439.0,41830.0,450.0,308.0,83925.0,43091.0,40450.0,384.0,4102.0,3794.0,2348.0,1380.0,66.0,308.0,10.94,21.56,20.52,19.45,27.53
144.0,충북,영동군,42754.0,32044.0,20397.0,11169.0,268.0,210.0,1603.0,769.0,780.0,22.0,32.0,30441.0,30263.0,19628.0,10389.0,246.0,178.0,28289.0,18200.0,9894.0,195.0,2152.0,1974.0,1428.0,495.0,51.0,178.0,10.05,12.64,18.07,22.42,36.82
145.0,충북,보은군,29519.0,22431.0,13783.0,8261.0,215.0,172.0,1018.0,493.0,481.0,16.0,28.0,21413.0,21269.0,13290.0,7780.0,199.0,144.0,19841.0,12291.0,7390.0,160.0,1572.0,1428.0,999.0,390.0,39.0,144.0,7.6,4.61,10.34,23.16,54.3
146.0,충북,옥천군,44412.0,34030.0,21799.0,11691.0,310.0,230.0,1625.0,843.0,667.0,51.0,64.0,32405.0,32239.0,20956.0,11024.0,259.0,166.0,30844.0,19945.0,10681.0,218.0,1561.0,1395.0,1011.0,343.0,41.0,166.0,12.19,12.88,18.59,24.36,31.97
147.0,충북,음성군,74727.0,52943.0,30459.0,21825.0,342.0,317.0,2469.0,1218.0,1098.0,58.0,95.0,50474.0,50252.0,29241.0,20727.0,284.0,222.0,48485.0,28044.0,20213.0,228.0,1989.0,1767.0,1197.0,514.0,56.0,222.0,11.04,18.43,19.68,19.8,31.06
148.0,충북,진천군,50295.0,36543.0,20614.0,15560.0,208.0,161.0,1248.0,583.0,624.0,18.0,23.0,35295.0,35157.0,20031.0,14936.0,190.0,138.0,33552.0,18977.0,14413.0,162.0,1743.0,1605.0,1054.0,523.0,28.0,138.0,13.37,16.92,21.08,21.37,27.25
149.0,충북,괴산군,32990.0,24502.0,15442.0,8646.0,242.0,172.0,1008.0,464.0,511.0,14.0,19.0,23494.0,23341.0,14978.0,8135.0,228.0,153.0,21893.0,13964.0,7745.0,184.0,1601.0,1448.0,1014.0,390.0,44.0,153.0,8.78,10.83,15.44,25.07,39.89
150.0,충북,증평군,26716.0,19576.0,11175.0,8223.0,92.0,86.0,775.0,397.0,358.0,8.0,12.0,18801.0,18727.0,10778.0,7865.0,84.0,74.0,17989.0,10278.0,7638.0,73.0,812.0,738.0,500.0,227.0,11.0,74.0,13.52,11.72,18.1,22.92,33.74
151.0,충남,천안시서북구,242354.0,176358.0,87555.0,87706.0,603.0,494.0,5764.0,2723.0,2906.0,63.0,72.0,170594.0,170172.0,84832.0,84800.0,540.0,422.0,164624.0,81617.0,82526.0,481.0,5970.0,5548.0,3215.0,2274.0,59.0,422.0,17.04,20.6,25.8,19.01,17.55
152.0,충남,천안시동남구,199108.0,144876.0,78289.0,65604.0,556.0,427.0,4608.0,2146.0,2359.0,32.0,71.0,140268.0,139912.0,76143.0,63245.0,524.0,356.0,136750.0,74000.0,62265.0,485.0,3518.0,3162.0,2143.0,980.0,39.0,356.0,16.13,21.39,22.43,19.75,20.3
153.0,충남,공주시,96127.0,70778.0,39883.0,30141.0,396.0,358.0,2778.0,1264.0,1442.0,27.0,45.0,68000.0,67687.0,38619.0,28699.0,369.0,313.0,60949.0,34452.0,26224.0,273.0,7051.0,6738.0,4167.0,2475.0,96.0,313.0,13.62,13.54,18.54,22.47,31.82
154.0,충남,보령시,86140.0,62879.0,38636.0,23493.0,408.0,342.0,2821.0,1275.0,1478.0,26.0,42.0,60058.0,59758.0,37361.0,22015.0,382.0,300.0,56616.0,35179.0,21127.0,310.0,3442.0,3142.0,2182.0,888.0,72.0,300.0,10.06,10.57,17.13,25.11,37.13
155.0,충남,아산시,212382.0,154698.0,81388.0,72189.0,621.0,500.0,4669.0,2250.0,2278.0,49.0,92.0,150029.0,149621.0,79138.0,69911.0,572.0,408.0,143572.0,75122.0,67949.0,501.0,6457.0,6049.0,4016.0,1962.0,71.0,408.0,13.98,24.59,23.08,18.35,20.01
156.0,충남,서산시,126399.0,92671.0,53072.0,38595.0,555.0,449.0,3940.0,1721.0,2063.0,57.0,99.0,88731.0,88381.0,51351.0,36532.0,498.0,350.0,83390.0,48000.0,34972.0,418.0,5341.0,4991.0,3351.0,1560.0,80.0,350.0,13.54,21.84,23.87,18.56,22.19
157.0,충남,태안군,52880.0,38078.0,24128.0,13435.0,299.0,216.0,1576.0,683.0,842.0,19.0,32.0,36502.0,36318.0,23445.0,12593.0,280.0,184.0,34930.0,22458.0,12244.0,228.0,1572.0,1388.0,987.0,349.0,52.0,184.0,9.18,14.67,16.62,22.38,37.16
158.0,충남,금산군,46588.0,33723.0,20470.0,12762.0,293.0,198.0,1099.0,492.0,575.0,14.0,18.0,32624.0,32444.0,19978.0,12187.0,279.0,180.0,30422.0,18585.0,11604.0,233.0,2202.0,2022.0,1393.0,583.0,46.0,180.0,8.93,10.13,14.07,23.61,43.26
159.0,충남,논산시,103822.0,74521.0,39225.0,34402.0,475.0,419.0,3085.0,1339.0,1684.0,22.0,40.0,71436.0,71057.0,37886.0,32718.0,453.0,379.0,67971.0,35977.0,31619.0,375.0,3465.0,3086.0,1909.0,1099.0,78.0,379.0,19.68,9.54,13.91,21.39,35.47
160.0,충남,계룡시,29932.0,23661.0,13572.0,9934.0,95.0,60.0,1688.0,1030.0,629.0,8.0,21.0,21973.0,21934.0,12542.0,9305.0,87.0,39.0,21629.0,12349.0,9198.0,82.0,344.0,305.0,193.0,107.0,5.0,39.0,13.83,21.71,27.19,20.93,16.33
161.0,충남,당진시,122452.0,87103.0,50429.0,35909.0,438.0,327.0,3167.0,1417.0,1677.0,28.0,45.0,83936.0,83654.0,49012.0,34232.0,410.0,282.0,78932.0,45744.0,32847.0,341.0,5004.0,4722.0,3268.0,1385.0,69.0,282.0,14.31,13.63,20.19,21.17,30.7
162.0,충남,부여군,61804.0,46080.0,28725.0,16461.0,446.0,448.0,1961.0,870.0,1021.0,19.0,51.0,44119.0,43722.0,27855.0,15440.0,427.0,397.0,41333.0,26168.0,14830.0,335.0,2786.0,2389.0,1687.0,610.0,92.0,397.0,6.96,6.5,12.18,22.91,51.45
163.0,충남,서천군,50228.0,36354.0,20671.0,15102.0,318.0,263.0,1543.0,661.0,848.0,14.0,20.0,34811.0,34568.0,20010.0,14254.0,304.0,243.0,32403.0,18592.0,13567.0,244.0,2408.0,2165.0,1418.0,687.0,60.0,243.0,7.52,8.12,10.64,18.86,54.86
164.0,충남,홍성군,71995.0,52297.0,32170.0,19514.0,364.0,249.0,1971.0,844.0,1074.0,18.0,35.0,50326.0,50112.0,31326.0,18440.0,346.0,214.0,46264.0,28718.0,17281.0,265.0,4062.0,3848.0,2608.0,1159.0,81.0,214.0,13.16,13.31,20.87,22.62,30.04
165.0,충남,청양군,27566.0,20849.0,13490.0,6989.0,223.0,147.0,809.0,382.0,402.0,12.0,13.0,20040.0,19906.0,13108.0,6587.0,211.0,134.0,18528.0,12096.0,6263.0,169.0,1512.0,1378.0,1012.0,324.0,42.0,134.0,6.78,6.82,11.92,22.05,52.43
166.0,충남,예산군,71974.0,53169.0,37225.0,15394.0,288.0,262.0,2112.0,1026.0,1044.0,14.0,28.0,51057.0,50823.0,36199.0,14350.0,274.0,234.0,48362.0,34278.0,13862.0,222.0,2695.0,2461.0,1921.0,488.0,52.0,234.0,10.32,8.54,14.35,24.61,42.19
167.0,전북,전주시완산구,278250.0,222304.0,27095.0,193995.0,642.0,572.0,8955.0,1551.0,7219.0,61.0,124.0,213349.0,212901.0,25544.0,186776.0,581.0,448.0,208897.0,24934.0,183429.0,534.0,4452.0,4004.0,610.0,3347.0,47.0,448.0,18.32,17.71,24.29,20.13,19.55
168.0,전북,전주시덕진구,217955.0,172431.0,20283.0,151196.0,532.0,420.0,6465.0,1180.0,5169.0,48.0,68.0,165966.0,165614.0,19103.0,146027.0,484.0,352.0,161857.0,18567.0,142847.0,443.0,4109.0,3757.0,536.0,3180.0,41.0,352.0,18.65,15.12,21.25,21.06,23.92
169.0,전북,군산시,218605.0,164176.0,24862.0,138173.0,599.0,542.0,6638.0,1217.0,5268.0,48.0,105.0,157538.0,157101.0,23645.0,132905.0,551.0,437.0,152086.0,22701.0,128918.0,467.0,5452.0,5015.0,944.0,3987.0,84.0,437.0,15.04,17.45,19.35,21.02,27.15
170.0,전북,익산시,240817.0,182350.0,24639.0,156065.0,674.0,972.0,7270.0,1511.0,5599.0,63.0,97.0,175080.0,174205.0,23128.0,150466.0,611.0,875.0,167238.0,21953.0,144783.0,502.0,7842.0,6967.0,1175.0,5683.0,109.0,875.0,15.78,14.29,20.5,21.94,27.48
171.0,전북,정읍시,96742.0,73237.0,8479.0,63828.0,464.0,466.0,3067.0,496.0,2517.0,15.0,39.0,70170.0,69743.0,7983.0,61311.0,449.0,427.0,65247.0,7435.0,57456.0,356.0,4923.0,4496.0,548.0,3855.0,93.0,427.0,13.32,14.82,21.58,20.38,29.9
172.0,전북,남원시,70067.0,54221.0,6583.0,46681.0,454.0,503.0,2585.0,410.0,2112.0,24.0,39.0,51636.0,51172.0,6173.0,44569.0,430.0,464.0,49002.0,5858.0,42802.0,342.0,2634.0,2170.0,315.0,1767.0,88.0,464.0,12.26,17.38,19.77,19.02,31.57
173.0,전북,김제시,77521.0,58323.0,8185.0,49430.0,324.0,384.0,2302.0,424.0,1806.0,16.0,56.0,56021.0,55693.0,7761.0,47624.0,308.0,328.0,53442.0,7385.0,45806.0,251.0,2579.0,2251.0,376.0,1818.0,57.0,328.0,12.32,10.1,14.99,22.2,40.39
174.0,전북,완주군,68634.0,53018.0,6926.0,45422.0,376.0,294.0,1636.0,291.0,1280.0,20.0,45.0,51382.0,51133.0,6635.0,44142.0,356.0,249.0,48816.0,6250.0,42261.0,305.0,2566.0,2317.0,385.0,1881.0,51.0,249.0,11.53,9.17,14.67,23.21,41.42
175.0,전북,진안군,22860.0,17388.0,2764.0,14262.0,211.0,151.0,930.0,170.0,726.0,11.0,23.0,16458.0,16330.0,2594.0,13536.0,200.0,128.0,15491.0,2452.0,12880.0,159.0,967.0,839.0,142.0,656.0,41.0,128.0,8.34,7.6,12.5,20.9,50.66
176.0,전북,무주군,21335.0,16095.0,3470.0,12290.0,186.0,149.0,7435.0,1638.0,5623.0,107.0,67.0,8660.0,8578.0,1832.0,6667.0,79.0,82.0,7575.0,1620.0,5895.0,60.0,1085.0,1003.0,212.0,772.0,19.0,82.0,9.94,15.19,17.78,18.26,38.83
177.0,전북,장수군,19525.0,15113.0,2236.0,12567.0,171.0,139.0,869.0,132.0,721.0,5.0,11.0,14244.0,14116.0,2104.0,11846.0,166.0,128.0,13424.0,1974.0,11325.0,125.0,820.0,692.0,130.0,521.0,41.0,128.0,9.08,12.52,15.62,20.94,41.83
178.0,전북,임실군,25881.0,19695.0,2386.0,16884.0,249.0,176.0,6722.0,832.0,5715.0,106.0,69.0,12973.0,12866.0,1554.0,11169.0,143.0,107.0,12112.0,1448.0,10552.0,112.0,861.0,754.0,106.0,617.0,31.0,107.0,12.26,14.55,17.25,18.99,36.95
179.0,전북,순창군,25003.0,19314.0,2093.0,16797.0,230.0,194.0,1300.0,190.0,1047.0,15.0,48.0,18014.0,17868.0,1903.0,15750.0,215.0,146.0,17009.0,1797.0,15042.0,170.0,1005.0,859.0,106.0,708.0,45.0,146.0,9.98,10.94,15.74,19.45,43.89
180.0,전북,고창군,50439.0,37846.0,4328.0,32729.0,485.0,304.0,1914.0,295.0,1589.0,9.0,21.0,35932.0,35649.0,4033.0,31140.0,476.0,283.0,33202.0,3703.0,29148.0,351.0,2730.0,2447.0,330.0,1992.0,125.0,283.0,8.24,6.09,12.06,19.16,54.45
181.0,전북,부안군,49768.0,36622.0,5986.0,30003.0,341.0,292.0,1895.0,331.0,1517.0,18.0,29.0,34727.0,34464.0,5655.0,28486.0,323.0,263.0,32954.0,5382.0,27315.0,257.0,1773.0,1510.0,273.0,1171.0,66.0,263.0,10.44,12.8,17.44,21.21,38.1
182.0,전남,목포시,186587.0,141368.0,11971.0,128448.0,484.0,465.0,6422.0,1012.0,5236.0,68.0,106.0,134946.0,134587.0,10959.0,123212.0,416.0,359.0,130497.0,10502.0,119631.0,364.0,4449.0,4090.0,457.0,3581.0,52.0,359.0,15.2,16.25,20.58,21.88,26.09
183.0,전남,여수시,230407.0,177249.0,15662.0,159415.0,870.0,1302.0,7833.0,1178.0,6465.0,68.0,122.0,169416.0,168236.0,14484.0,152950.0,802.0,1180.0,161387.0,13714.0,147006.0,667.0,8029.0,6849.0,770.0,5944.0,135.0,1180.0,15.8,21.87,26.43,18.64,17.25
184.0,전남,순천시,208794.0,165404.0,14638.0,149610.0,525.0,631.0,7812.0,1218.0,6445.0,51.0,98.0,157592.0,157059.0,13420.0,143165.0,474.0,533.0,151533.0,12735.0,138412.0,386.0,6059.0,5526.0,685.0,4753.0,88.0,533.0,17.88,16.49,25.28,20.3,20.05
185.0,전남,나주시,74091.0,57053.0,4984.0,51150.0,504.0,415.0,3031.0,435.0,2431.0,86.0,79.0,54022.0,53686.0,4549.0,48719.0,418.0,336.0,51300.0,4291.0,46692.0,317.0,2722.0,2386.0,258.0,2027.0,101.0,336.0,13.96,10.93,15.77,22.82,36.53
186.0,전남,광양시,112866.0,88097.0,12918.0,74467.0,347.0,365.0,4163.0,781.0,3302.0,26.0,54.0,83934.0,83623.0,12137.0,71165.0,321.0,311.0,79235.0,11492.0,67473.0,270.0,4699.0,4388.0,645.0,3692.0,51.0,311.0,11.95,11.05,24.33,20.49,32.18
187.0,전남,담양군,40636.0,31746.0,3084.0,28099.0,319.0,244.0,1543.0,328.0,1176.0,19.0,20.0,30203.0,29979.0,2756.0,26923.0,300.0,224.0,27989.0,2517.0,25227.0,245.0,2214.0,1990.0,239.0,1696.0,55.0,224.0,12.31,8.24,17.03,20.98,41.44
188.0,전남,장성군,38697.0,29591.0,3532.0,25567.0,275.0,217.0,1506.0,276.0,1190.0,10.0,30.0,28085.0,27898.0,3256.0,24377.0,265.0,187.0,26399.0,3069.0,23130.0,200.0,1686.0,1499.0,187.0,1247.0,65.0,187.0,11.04,13.51,17.26,20.15,38.04
189.0,전남,곡성군,26346.0,20504.0,2255.0,17810.0,236.0,203.0,1122.0,154.0,947.0,9.0,12.0,19382.0,19191.0,2101.0,16863.0,227.0,191.0,18024.0,1933.0,15907.0,184.0,1358.0,1167.0,168.0,956.0,43.0,191.0,12.43,11.18,18.74,20.96,36.69
190.0,전남,구례군,22950.0,17833.0,2230.0,15328.0,130.0,145.0,1005.0,135.0,848.0,10.0,12.0,16828.0,16695.0,2095.0,14480.0,120.0,133.0,15662.0,1928.0,13643.0,91.0,1166.0,1033.0,167.0,837.0,29.0,133.0,7.94,8.01,14.68,18.94,50.43
191.0,전남,고흥군,62117.0,47363.0,5193.0,41139.0,515.0,516.0,2374.0,500.0,1822.0,14.0,38.0,44989.0,44511.0,4693.0,39317.0,501.0,478.0,41524.0,4308.0,36807.0,409.0,3465.0,2987.0,385.0,2510.0,92.0,478.0,10.38,13.91,19.73,21.64,34.35
192.0,전남,보성군,40159.0,30149.0,3470.0,26054.0,323.0,302.0,1705.0,242.0,1421.0,10.0,32.0,28444.0,28174.0,3228.0,24633.0,313.0,270.0,25940.0,2930.0,22774.0,236.0,2504.0,2234.0,298.0,1859.0,77.0,270.0,9.35,14.8,19.49,17.27,39.09
193.0,전남,화순군,54652.0,42352.0,3685.0,37716.0,453.0,498.0,1878.0,256.0,1570.0,13.0,39.0,40474.0,40015.0,3429.0,36146.0,440.0,459.0,38217.0,3245.0,34616.0,356.0,2257.0,1798.0,184.0,1530.0,84.0,459.0,10.36,15.86,20.39,18.03,35.36
194.0,전남,장흥군,35194.0,26817.0,2808.0,23468.0,296.0,245.0,1652.0,209.0,1403.0,12.0,28.0,25165.0,24948.0,2599.0,22065.0,284.0,217.0,23204.0,2379.0,20611.0,214.0,1961.0,1744.0,220.0,1454.0,70.0,217.0,7.2,5.91,12.55,20.07,54.27
195.0,전남,강진군,33287.0,24779.0,3023.0,21316.0,209.0,231.0,1499.0,213.0,1252.0,7.0,27.0,23280.0,23076.0,2810.0,20064.0,202.0,204.0,21357.0,2567.0,18634.0,156.0,1923.0,1719.0,243.0,1430.0,46.0,204.0,10.9,12.74,19.86,19.51,36.98
196.0,전남,완도군,45129.0,34116.0,3152.0,30236.0,356.0,372.0,11317.0,924.0,10078.0,151.0,164.0,22799.0,22591.0,2228.0,20158.0,205.0,208.0,21256.0,2065.0,19028.0,163.0,1543.0,1335.0,163.0,1130.0,42.0,208.0,7.16,7.2,12.24,19.72,53.68
197.0,전남,해남군,65070.0,47639.0,4747.0,41882.0,470.0,540.0,2823.0,498.0,2114.0,73.0,138.0,44816.0,44414.0,4249.0,39768.0,397.0,402.0,41305.0,3910.0,37086.0,309.0,3511.0,3109.0,339.0,2682.0,88.0,402.0,6.32,6.32,12.85,19.33,55.17
198.0,전남,진도군,27978.0,20598.0,2073.0,18052.0,262.0,211.0,1158.0,167.0,974.0,4.0,13.0,19440.0,19242.0,1906.0,17078.0,258.0,198.0,17958.0,1761.0,15995.0,202.0,1482.0,1284.0,145.0,1083.0,56.0,198.0,6.65,8.14,13.4,19.58,52.23
199.0,전남,영암군,48344.0,36081.0,3965.0,31577.0,245.0,294.0,1860.0,298.0,1479.0,29.0,54.0,34221.0,33981.0,3667.0,30098.0,216.0,240.0,31845.0,3388.0,28275.0,182.0,2376.0,2136.0,279.0,1823.0,34.0,240.0,9.69,9.64,14.89,22.17,43.61
200.0,전남,무안군,60244.0,46788.0,4230.0,41849.0,390.0,319.0,3039.0,505.0,2339.0,84.0,111.0,43749.0,43541.0,3725.0,39510.0,306.0,208.0,39764.0,3346.0,36178.0,240.0,3985.0,3777.0,379.0,3332.0,66.0,208.0,8.02,7.01,13.75,20.13,51.09
201.0,전남,영광군,47115.0,35294.0,3768.0,30835.0,463.0,228.0,2316.0,271.0,1995.0,22.0,28.0,32978.0,32778.0,3497.0,28840.0,441.0,200.0,30486.0,3183.0,26965.0,338.0,2492.0,2292.0,314.0,1875.0,103.0,200.0,9.12,6.19,12.52,21.2,50.98
202.0,전남,함평군,30688.0,23428.0,1958.0,20984.0,273.0,213.0,1149.0,151.0,963.0,10.0,25.0,22279.0,22091.0,1807.0,20021.0,263.0,188.0,20229.0,1645.0,18387.0,197.0,2050.0,1862.0,162.0,1634.0,66.0,188.0,8.73,9.25,13.77,20.21,48.04
203.0,전남,신안군,38661.0,26961.0,2950.0,23345.0,371.0,295.0,2207.0,235.0,1934.0,12.0,26.0,24754.0,24485.0,2715.0,21411.0,359.0,269.0,22845.0,2479.0,20086.0,280.0,1909.0,1640.0,236.0,1325.0,79.0,269.0,7.31,8.6,15.77,20.54,47.77
204.0,경북,포항시북구,211828.0,166166.0,131547.0,33470.0,581.0,568.0,7868.0,4885.0,2787.0,46.0,150.0,158298.0,157880.0,126662.0,30683.0,535.0,418.0,153832.0,123212.0,30160.0,460.0,4466.0,4048.0,3450.0,523.0,75.0,418.0,13.49,12.35,22.36,24.88,26.92
205.0,경북,포항시남구,200720.0,155131.0,121186.0,32833.0,581.0,531.0,7019.0,4305.0,2585.0,47.0,82.0,148112.0,147663.0,116881.0,30248.0,534.0,449.0,142694.0,112639.0,29592.0,463.0,5418.0,4969.0,4242.0,656.0,71.0,449.0,13.91,14.08,21.59,26.02,24.41
206.0,경북,울릉군,9468.0,6309.0,5033.0,1207.0,32.0,37.0,924.0,629.0,270.0,5.0,20.0,5385.0,5368.0,4404.0,937.0,27.0,17.0,4873.0,3988.0,864.0,21.0,512.0,495.0,416.0,73.0,6.0,17.0,9.26,9.82,17.79,24.05,39.08
207.0,경북,경주시,214748.0,168542.0,132579.0,34357.0,823.0,783.0,7275.0,4625.0,2457.0,70.0,123.0,161267.0,160607.0,127954.0,31900.0,753.0,660.0,153281.0,121750.0,30919.0,612.0,7986.0,7326.0,6204.0,981.0,141.0,660.0,10.91,13.3,17.84,21.78,36.17
208.0,경북,김천시,111030.0,88157.0,73115.0,14072.0,466.0,504.0,4627.0,3070.0,1412.0,34.0,111.0,83530.0,83137.0,70045.0,12660.0,432.0,393.0,78777.0,66252.0,12202.0,323.0,4753.0,4360.0,3793.0,458.0,109.0,393.0,12.65,13.15,18.0,22.24,33.96
209.0,경북,안동시,136671.0,107233.0,84799.0,21028.0,764.0,642.0,5654.0,3432.0,1875.0,118.0,229.0,101579.0,101166.0,81367.0,19153.0,646.0,413.0,96854.0,77676.0,18654.0,524.0,4725.0,4312.0,3691.0,499.0,122.0,413.0,10.82,18.47,18.64,19.83,32.24
210.0,경북,구미시,312994.0,245844.0,197062.0,47485.0,713.0,584.0,9544.0,6649.0,2744.0,53.0,98.0,236300.0,235814.0,190413.0,44741.0,660.0,486.0,227410.0,183272.0,43575.0,563.0,8890.0,8404.0,7141.0,1166.0,97.0,486.0,17.71,24.73,28.71,17.31,11.55
211.0,경북,영주시,92433.0,72614.0,56360.0,15493.0,422.0,339.0,3418.0,2031.0,1286.0,40.0,61.0,69196.0,68918.0,54329.0,14207.0,382.0,278.0,65889.0,51771.0,13810.0,308.0,3307.0,3029.0,2558.0,397.0,74.0,278.0,10.68,13.46,17.27,22.95,35.64
212.0,경북,영천시,86316.0,66924.0,54748.0,11372.0,363.0,441.0,2971.0,1944.0,923.0,29.0,75.0,63953.0,63587.0,52804.0,10449.0,334.0,366.0,60266.0,49963.0,10040.0,263.0,3687.0,3321.0,2841.0,409.0,71.0,366.0,11.61,9.35,15.57,22.86,40.61
213.0,경북,상주시,87996.0,69898.0,58560.0,10254.0,611.0,473.0,3759.0,2510.0,1122.0,41.0,86.0,66139.0,65752.0,56050.0,9132.0,570.0,387.0,61134.0,51977.0,8745.0,412.0,5005.0,4618.0,4073.0,387.0,158.0,387.0,10.36,15.55,19.99,22.29,31.81
214.0,경북,문경시,63468.0,50066.0,41762.0,7609.0,346.0,349.0,3301.0,2177.0,924.0,50.0,150.0,46765.0,46566.0,39585.0,6685.0,296.0,199.0,44104.0,37409.0,6461.0,234.0,2661.0,2462.0,2176.0,224.0,62.0,199.0,8.3,6.73,12.91,23.16,48.91
215.0,경북,예천군,40063.0,32134.0,26663.0,4564.0,475.0,432.0,1988.0,1321.0,543.0,21.0,103.0,30146.0,29817.0,25342.0,4021.0,454.0,329.0,27480.0,23319.0,3806.0,355.0,2666.0,2337.0,2023.0,215.0,99.0,329.0,9.82,12.11,16.86,22.5,38.71
216.0,경북,경산시,195908.0,151391.0,118865.0,30881.0,846.0,799.0,11050.0,8156.0,2740.0,63.0,91.0,140341.0,139633.0,110709.0,28141.0,783.0,708.0,134731.0,106599.0,27470.0,662.0,5610.0,4902.0,4110.0,671.0,121.0,708.0,16.82,18.78,21.3,20.67,22.44
217.0,경북,청도군,38961.0,30946.0,25625.0,4830.0,241.0,250.0,2395.0,1753.0,561.0,17.0,64.0,28551.0,28365.0,23872.0,4269.0,224.0,186.0,26296.0,22092.0,4032.0,172.0,2255.0,2069.0,1780.0,237.0,52.0,186.0,7.65,6.97,10.71,22.51,52.17
218.0,경북,고령군,30320.0,23847.0,20030.0,3437.0,216.0,164.0,1378.0,968.0,354.0,12.0,44.0,22469.0,22349.0,19062.0,3083.0,204.0,120.0,20898.0,17809.0,2936.0,153.0,1571.0,1451.0,1253.0,147.0,51.0,120.0,9.31,8.78,17.22,22.69,42.0
219.0,경북,성주군,39274.0,31019.0,26511.0,4077.0,238.0,193.0,1545.0,1079.0,429.0,11.0,26.0,29474.0,29307.0,25432.0,3648.0,227.0,167.0,26422.0,22892.0,3356.0,174.0,3052.0,2885.0,2540.0,292.0,53.0,167.0,10.37,10.55,18.7,21.73,38.65
220.0,경북,칠곡군,93349.0,71571.0,57485.0,13560.0,269.0,257.0,2468.0,1682.0,719.0,20.0,47.0,69103.0,68893.0,55803.0,12841.0,249.0,210.0,66930.0,54098.0,12619.0,213.0,2173.0,1963.0,1705.0,222.0,36.0,210.0,13.43,17.62,24.44,19.07,25.44
221.0,경북,군위군,21881.0,17848.0,15457.0,2126.0,138.0,127.0,1169.0,822.0,322.0,7.0,18.0,16679.0,16570.0,14635.0,1804.0,131.0,109.0,15404.0,13594.0,1711.0,99.0,1275.0,1166.0,1041.0,93.0,32.0,109.0,7.06,5.72,12.76,21.24,53.22
222.0,경북,의성군,51609.0,40089.0,34294.0,5167.0,366.0,262.0,2073.0,1408.0,619.0,14.0,32.0,38016.0,37786.0,32886.0,4548.0,352.0,230.0,35553.0,30932.0,4365.0,256.0,2463.0,2233.0,1954.0,183.0,96.0,230.0,5.44,3.9,10.26,22.21,58.2
223.0,경북,청송군,23445.0,18310.0,15054.0,2946.0,189.0,121.0,961.0,606.0,314.0,14.0,27.0,17349.0,17255.0,14448.0,2632.0,175.0,94.0,15862.0,13257.0,2476.0,129.0,1487.0,1393.0,1191.0,156.0,46.0,94.0,9.76,10.65,16.37,22.75,40.47
224.0,경북,영양군,15914.0,12321.0,9818.0,2247.0,146.0,110.0,663.0,388.0,238.0,16.0,21.0,11658.0,11569.0,9430.0,2009.0,130.0,89.0,11008.0,8964.0,1942.0,102.0,650.0,561.0,466.0,67.0,28.0,89.0,7.95,9.3,18.74,22.6,41.4
225.0,경북,영덕군,35215.0,27535.0,23816.0,3314.0,209.0,196.0,1784.0,1295.0,428.0,9.0,52.0,25751.0,25607.0,22521.0,2886.0,200.0,144.0,23613.0,20740.0,2718.0,155.0,2138.0,1994.0,1781.0,168.0,45.0,144.0,9.16,13.39,17.82,21.62,38.02
226.0,경북,봉화군,29457.0,23006.0,18408.0,3989.0,396.0,213.0,1170.0,743.0,397.0,7.0,23.0,21836.0,21646.0,17665.0,3592.0,389.0,190.0,20392.0,16629.0,3447.0,316.0,1444.0,1254.0,1036.0,145.0,73.0,190.0,4.67,5.85,13.97,23.04,52.47
227.0,경북,울진군,42919.0,33221.0,26387.0,6341.0,257.0,236.0,1825.0,1156.0,621.0,9.0,39.0,31396.0,31199.0,25231.0,5720.0,248.0,197.0,28405.0,22815.0,5407.0,183.0,2991.0,2794.0,2416.0,313.0,65.0,197.0,8.84,13.37,18.99,22.09,36.72
228.0,경남,창원시의창구,199932.0,155306.0,93834.0,60126.0,592.0,754.0,6633.0,3325.0,3161.0,52.0,95.0,148673.0,148014.0,90509.0,56965.0,540.0,659.0,144746.0,88216.0,56056.0,474.0,3927.0,3268.0,2293.0,909.0,66.0,659.0,17.84,18.03,23.79,22.8,17.54
229.0,경남,창원시성산구,186559.0,150912.0,82487.0,67332.0,575.0,518.0,7049.0,3404.0,3499.0,71.0,75.0,143863.0,143420.0,79083.0,63833.0,504.0,443.0,140427.0,77178.0,62771.0,478.0,3436.0,2993.0,1905.0,1062.0,26.0,443.0,19.65,24.98,27.43,18.43,9.5
230.0,경남,창원시마산합포구,153218.0,118829.0,82970.0,34740.0,491.0,628.0,4950.0,2580.0,2210.0,68.0,92.0,113879.0,113343.0,80390.0,32530.0,423.0,536.0,109086.0,76930.0,31810.0,346.0,4793.0,4257.0,3460.0,720.0,77.0,536.0,15.81,16.43,21.21,23.19,23.36
231.0,경남,창원시마산회원구,176017.0,138388.0,91940.0,45353.0,464.0,631.0,5080.0,2607.0,2340.0,49.0,84.0,133308.0,132761.0,89333.0,43013.0,415.0,547.0,129508.0,86784.0,42366.0,358.0,3800.0,3253.0,2549.0,647.0,57.0,547.0,15.78,20.89,22.65,22.49,18.19
232.0,경남,창원시진해구,138512.0,106832.0,68464.0,37511.0,363.0,494.0,7104.0,4405.0,2513.0,78.0,108.0,99728.0,99342.0,64059.0,34998.0,285.0,386.0,96374.0,61833.0,34287.0,254.0,3354.0,2968.0,2226.0,711.0,31.0,386.0,15.01,22.44,17.78,21.89,22.88
233.0,경남,진주시,264401.0,208886.0,140404.0,66038.0,1049.0,1395.0,8721.0,4379.0,4114.0,90.0,138.0,200165.0,198908.0,136025.0,61924.0,959.0,1257.0,193056.0,131413.0,60846.0,797.0,7109.0,5852.0,4612.0,1078.0,162.0,1257.0,15.07,18.33,24.64,21.07,20.9
234.0,경남,통영시,110617.0,82118.0,56873.0,24216.0,449.0,580.0,3441.0,1644.0,1693.0,35.0,69.0,78677.0,78166.0,55229.0,22523.0,414.0,511.0,74656.0,52524.0,21793.0,339.0,4021.0,3510.0,2705.0,730.0,75.0,511.0,13.03,20.48,21.02,20.54,24.93
235.0,경남,고성군,48227.0,35555.0,25076.0,9673.0,367.0,439.0,1818.0,963.0,796.0,13.0,46.0,33737.0,33344.0,24113.0,8877.0,354.0,393.0,31177.0,22391.0,8534.0,252.0,2560.0,2167.0,1722.0,343.0,102.0,393.0,9.78,12.85,17.7,20.95,38.72
236.0,경남,사천시,92267.0,70371.0,48033.0,21237.0,429.0,672.0,2953.0,1541.0,1318.0,26.0,68.0,67418.0,66814.0,46492.0,19919.0,403.0,604.0,63991.0,44225.0,19439.0,327.0,3427.0,2823.0,2267.0,480.0,76.0,604.0,11.9,24.45,21.06,19.48,23.11
237.0,경남,김해시,382157.0,290612.0,150925.0,137372.0,943.0,1372.0,10391.0,4715.0,5430.0,91.0,155.0,280221.0,279004.0,146210.0,131942.0,852.0,1217.0,272642.0,142098.0,129812.0,732.0,7579.0,6362.0,4112.0,2130.0,120.0,1217.0,14.59,22.38,27.12,19.08,16.83
238.0,경남,밀양시,91440.0,69417.0,47709.0,20591.0,453.0,664.0,3284.0,1630.0,1535.0,52.0,67.0,66133.0,65536.0,46079.0,19056.0,401.0,597.0,62057.0,43346.0,18394.0,317.0,4076.0,3479.0,2733.0,662.0,84.0,597.0,13.24,12.03,18.81,23.88,32.03
239.0,경남,거제시,176499.0,130166.0,71757.0,57003.0,596.0,810.0,4533.0,1934.0,2507.0,25.0,67.0,125633.0,124890.0,69823.0,54496.0,571.0,743.0,121773.0,67593.0,53680.0,500.0,3860.0,3117.0,2230.0,816.0,71.0,743.0,15.0,30.44,26.02,17.59,10.95
240.0,경남,의령군,25763.0,19431.0,13848.0,4904.0,303.0,376.0,1273.0,692.0,548.0,9.0,24.0,18158.0,17806.0,13156.0,4356.0,294.0,352.0,16514.0,12125.0,4174.0,215.0,1644.0,1292.0,1031.0,182.0,79.0,352.0,9.02,5.65,10.37,22.04,52.93
241.0,경남,함안군,55076.0,42208.0,28741.0,12748.0,318.0,401.0,1879.0,1023.0,818.0,19.0,19.0,40329.0,39947.0,27718.0,11930.0,299.0,382.0,38016.0,26254.0,11533.0,229.0,2313.0,1931.0,1464.0,397.0,70.0,382.0,11.17,11.76,18.1,22.14,36.82
242.0,경남,창녕군,53970.0,40692.0,29793.0,10046.0,361.0,492.0,1903.0,1054.0,794.0,19.0,36.0,38789.0,38333.0,28739.0,9252.0,342.0,456.0,35980.0,26832.0,8894.0,254.0,2809.0,2353.0,1907.0,358.0,88.0,456.0,6.83,5.31,12.17,20.04,55.65
243.0,경남,양산시,207478.0,158887.0,93167.0,64467.0,521.0,732.0,5929.0,2764.0,3000.0,55.0,110.0,152958.0,152336.0,90403.0,61467.0,466.0,622.0,144659.0,85477.0,58783.0,399.0,8299.0,7677.0,4926.0,2684.0,67.0,622.0,15.94,23.67,27.0,19.14,14.25
244.0,경남,하동군,43515.0,34056.0,21848.0,11193.0,424.0,591.0,2955.0,1575.0,1264.0,21.0,95.0,31101.0,30605.0,20273.0,9929.0,403.0,496.0,28495.0,18742.0,9437.0,316.0,2606.0,2110.0,1531.0,492.0,87.0,496.0,10.15,10.21,15.82,21.4,42.42
245.0,경남,남해군,42153.0,32090.0,21551.0,9756.0,329.0,454.0,1807.0,878.0,895.0,8.0,26.0,30283.0,29855.0,20673.0,8861.0,321.0,428.0,28214.0,19431.0,8530.0,253.0,2069.0,1641.0,1242.0,331.0,68.0,428.0,7.35,4.75,11.29,20.17,56.44
246.0,경남,함양군,34326.0,26500.0,18736.0,7014.0,375.0,375.0,1574.0,844.0,634.0,31.0,65.0,24926.0,24616.0,17892.0,6380.0,344.0,310.0,23619.0,17107.0,6226.0,286.0,1307.0,997.0,785.0,154.0,58.0,310.0,5.76,5.63,10.13,18.73,59.74
247.0,경남,산청군,30993.0,23738.0,16979.0,5996.0,361.0,402.0,1083.0,605.0,448.0,7.0,23.0,22655.0,22276.0,16374.0,5548.0,354.0,379.0,20508.0,15016.0,5226.0,266.0,2147.0,1768.0,1358.0,322.0,88.0,379.0,6.74,6.45,12.04,20.21,54.56
248.0,경남,거창군,51773.0,40103.0,28726.0,10466.0,402.0,509.0,11602.0,7983.0,3336.0,119.0,164.0,28501.0,28156.0,20743.0,7130.0,283.0,345.0,27061.0,19857.0,6981.0,223.0,1440.0,1095.0,886.0,149.0,60.0,345.0,11.28,14.11,18.37,21.19,35.05
249.0,경남,합천군,43981.0,33586.0,25313.0,7114.0,536.0,623.0,2130.0,1267.0,778.0,24.0,61.0,31456.0,30894.0,24046.0,6336.0,512.0,562.0,28615.0,22211.0,6018.0,386.0,2841.0,2279.0,1835.0,318.0,126.0,562.0,6.87,5.01,10.29,19.48,58.36
250.0,제주,제주시,328450.0,241552.0,119563.0,119622.0,1301.0,1066.0,12725.0,5710.0,6692.0,128.0,195.0,228827.0,227956.0,113853.0,112930.0,1173.0,871.0,221268.0,109783.0,110450.0,1035.0,7559.0,6688.0,4070.0,2480.0,138.0,871.0,15.86,19.54,23.51,19.75,21.34
251.0,제주,서귀포시,123281.0,89415.0,46621.0,41613.0,615.0,566.0,4619.0,2035.0,2444.0,53.0,87.0,84796.0,84317.0,44586.0,39169.0,562.0,479.0,81184.0,42703.0,38003.0,478.0,3612.0,3133.0,1883.0,1166.0,84.0,479.0,12.41,12.43,20.67,20.25,34.25
