시도,구,T계,T유효,T문,T홍,T안,T유,T심,T기타,T무효,C계,C문,C홍,C안,C유,C심,C기타,U계,U유효,U문,U홍,U안,U유,U심,U기타,U무효,미분류율
서울,종로구,102360,102001,42448,22283,22248,7404,7098,520,359,98191,41080,21148,21309,7204,6953,497,4169,3810,1368,1135,939,200,145,23,359,3.7221570926143026
서울,중구,82695,82441,34002,17867,19324,5866,4990,392,254,79605,32974,17061,18610,5694,4891,375,3090,2836,1028,806,714,172,99,17,254,3.4294697381945705
서울,용산구,147926,147431,57993,35179,32043,11809,9767,640,495,139872,55442,32823,30345,11253,9421,588,8054,7559,2551,2356,1698,556,346,52,495,5.109987426145505
서울,성동구,202831,202176,86560,40512,45558,15835,12926,785,655,192515,82746,38087,43254,15228,12475,725,10316,9661,3814,2425,2304,607,451,60,655,4.763078622104116
서울,광진구,211857,211205,91760,42397,47136,15002,14169,741,652,204437,89315,40395,45501,14621,13905,700,7420,6768,2445,2002,1635,381,264,41,652,3.1946076834846147
서울,동대문구,235715,234898,98841,51555,53223,15106,15094,1079,817,224163,94934,48347,50591,14579,14706,1006,11552,10735,3907,3208,2632,527,388,73,817,4.554228623549625
서울,중랑구,263294,262359,110065,56288,62351,15909,16604,1142,935,248789,105093,52490,58897,15182,16069,1058,14505,13570,4972,3798,3454,727,535,84,935,5.153934385136007
서울,성북구,295403,294470,129094,57513,66364,19804,20496,1199,933,281545,123988,54270,63325,19113,19738,1111,13858,12925,5106,3243,3039,691,758,88,933,4.3753787199182135
서울,강북구,210209,209510,89497,42205,51532,11844,13473,959,699,200377,86261,39698,48995,11440,13088,895,9832,9133,3236,2507,2537,404,385,64,699,4.344723584622923
서울,도봉구,228815,227972,94747,47369,55477,14474,14909,996,843,218346,91365,44663,52967,13945,14464,942,10469,9626,3382,2706,2510,529,445,54,843,4.206892030679807
서울,노원구,373403,372119,157908,67450,96025,24802,24476,1458,1284,359771,153397,64330,92578,24115,23977,1374,13632,12348,4511,3120,3447,687,499,84,1284,3.306882912028023
서울,은평구,316643,315531,139961,60006,72401,19413,21939,1811,1112,301056,134442,56263,68734,18701,21231,1685,15587,14475,5519,3743,3667,712,708,126,1112,4.5713942831516885
서울,서대문구,211616,210911,93617,40441,46080,14755,15146,872,705,202249,90231,38130,44029,14273,14759,827,9367,8662,3386,2311,2051,482,387,45,705,4.09326326931801
서울,마포구,256579,255834,117193,46468,52409,19038,19782,944,745,247205,113840,44300,50425,18483,19266,891,9374,8629,3353,2168,1984,555,516,53,745,3.3630967460314367
서울,양천구,310426,309490,133682,60748,71651,22963,19294,1152,936,300788,130451,58400,69451,22462,18928,1096,9638,8702,3231,2348,2200,501,366,56,936,2.8032445735859755
서울,강서구,396410,395127,175639,76460,87909,27494,25985,1640,1283,382377,170703,73144,84824,26726,25439,1541,14033,12750,4936,3316,3085,768,546,99,1283,3.2163668928634497
서울,구로구,278313,277248,120911,59106,61579,17117,17422,1113,1065,267437,117239,56351,59119,16667,17017,1044,10876,9811,3672,2755,2460,450,405,69,1065,3.5251677068624176
서울,금천구,154709,154160,67295,31058,36609,8822,9688,688,549,148312,65006,29511,35150,8557,9452,636,6397,5848,2289,1547,1459,265,236,52,549,3.7799998707250384
서울,영등포구,248422,247617,105681,53541,53869,18098,15421,1007,805,238291,102259,50824,51673,17547,15045,943,10131,9326,3422,2717,2196,551,376,64,805,3.754095853024289
서울,동작구,276244,275396,121566,54346,60165,20565,17768,986,848,264540,117505,51299,57598,19882,17318,938,11704,10856,4061,3047,2567,683,450,48,848,3.9298591100621194
서울,관악구,350653,349432,159639,59800,79313,23826,25277,1577,1221,337379,154767,56954,76319,23157,24680,1502,13274,12053,4872,2846,2994,669,597,75,1221,3.437301263642404
서울,서초구,292459,291651,106282,74795,63820,29206,16548,1000,808,283502,103663,72089,62030,28531,16233,956,8957,8149,2619,2706,1790,675,315,44,808,2.786373474572504
서울,강남구,365085,364045,128728,97521,80023,36143,20277,1353,1040,352960,125285,93690,77573,35290,19825,1297,12125,11085,3443,3831,2450,853,452,56,1040,3.036279222646781
서울,송파구,440524,439266,177128,98411,98770,37389,26051,1517,1258,426050,172463,94702,95548,36433,25464,1440,14474,13216,4665,3709,3222,956,587,77,1258,3.000063560668658
서울,강동구,296878,295950,122321,65792,67306,21443,17945,1143,928,286963,119199,63035,65135,20929,17583,1082,9915,8987,3122,2757,2171,514,362,61,928,3.0271694096564916
부산,중구,28272,28180,9748,10631,4612,1833,1247,109,92,26926,9403,10006,4411,1782,1224,100,1346,1254,345,625,201,51,23,9,92,4.435483870967742
부산,서구,70650,70365,24157,26237,11707,4871,3061,332,285,66533,23121,24401,11078,4666,2968,299,4117,3832,1036,1836,629,205,93,33,285,5.423920736022647
부산,동구,57714,57496,19296,22094,9713,3574,2543,276,218,54347,18500,20497,9191,3438,2471,250,3367,3149,796,1597,522,136,72,26,218,5.4562151297778705
부산,영도구,77133,76794,29618,25235,12910,5329,3368,334,339,72581,28289,23448,12187,5089,3261,307,4552,4213,1329,1787,723,240,107,27,339,5.461994217779679
부산,부산진구,244030,243081,93927,79300,40232,16753,11857,1012,949,233636,91006,75152,38689,16246,11601,942,10394,9445,2921,4148,1543,507,256,70,949,3.8704257673236895
부산,동래구,180560,179945,67759,59495,30057,13173,8789,672,615,173185,65760,56485,28956,12779,8575,630,7375,6760,1999,3010,1101,394,214,42,615,3.7439078422684977
부산,남구,181274,180572,68328,59001,30761,12992,8752,738,702,174003,66357,56077,29645,12659,8578,687,7271,6569,1971,2924,1116,333,174,51,702,3.6237960214923266
부산,북구,203037,202171,83369,61052,32536,14523,9838,853,866,193791,80374,57845,31158,14060,9554,800,9246,8380,2995,3207,1378,463,284,53,866,4.1273265463930215
부산,해운대구,266056,265164,101830,80723,48097,20865,12545,1104,892,255409,98702,76777,46367,20294,12223,1046,10647,9755,3128,3946,1730,571,322,58,892,3.666521333854527
부산,기장군,93387,93075,38836,26432,15751,6735,4919,402,312,90210,37922,25238,15299,6537,4832,382,3177,2865,914,1194,452,198,87,20,312,3.067878826817437
부산,사하구,210020,209100,81493,65032,36313,14861,10528,873,920,199943,78537,61306,34801,14274,10224,801,10077,9157,2956,3726,1512,587,304,72,920,4.3600609465765165
부산,금정구,163574,162831,59963,54297,26577,13113,8175,706,743,157148,58293,51789,25637,12765,7998,666,6426,5683,1670,2508,940,348,177,40,743,3.474268526782985
부산,강서구,63369,63182,28337,17256,9897,4555,2904,233,187,61139,27582,16451,9609,4441,2843,213,2230,2043,755,805,288,114,61,20,187,3.2239738673483878
부산,연제구,137219,136730,52318,44133,23204,9879,6736,460,489,132211,50923,42115,22495,9642,6609,427,5008,4519,1395,2018,709,237,127,33,489,3.293275712547096
부산,수영구,118702,118331,43576,39753,20202,8392,5944,464,371,113209,42056,37516,19341,8081,5786,429,5493,5122,1520,2237,861,311,158,35,371,4.315007329278361
부산,사상구,149415,148742,61571,46456,22898,10069,7135,613,673,143195,59628,44230,22058,9739,6964,576,6220,5547,1943,2226,840,330,171,37,673,3.712478666800522
대구,중구,51746,51518,11270,24624,7091,5903,2331,299,228,49579,11006,23394,6874,5746,2285,274,2167,1939,264,1230,217,157,46,25,228,3.747149538128551
대구,동구,224797,223864,46661,99894,31033,35648,9376,1252,933,212709,44869,93755,29586,34271,9071,1157,12088,11155,1792,6139,1447,1377,305,95,933,4.962254834361668
대구,서구,126938,126299,21702,68651,17651,12196,5324,775,639,121006,21038,65195,16970,11864,5216,723,5932,5293,664,3456,681,332,108,52,639,4.169752162473019
대구,남구,99314,98852,19515,50190,13845,10301,4424,577,462,94142,18792,47271,13295,9967,4289,528,5172,4710,723,2919,550,334,135,49,462,4.742533781742756
대구,북구,274866,273676,61797,121062,41979,33729,13669,1440,1190,264381,60307,115694,40753,32877,13400,1350,10485,9295,1490,5368,1226,852,269,90,1190,3.3816477847387456
대구,수성구,283046,281998,63881,122684,43222,38370,12496,1345,1048,273262,62347,117854,42041,37476,12258,1286,9784,8736,1534,4830,1181,894,238,59,1048,3.0864241148081937
대구,달서구,372373,370743,81665,165420,57482,45368,18584,2224,1630,357433,79434,157803,55674,44220,18210,2092,14940,13310,2231,7617,1808,1148,374,132,1630,3.5743730077100113
대구,달성군,136916,136299,31360,59857,21214,15876,7220,772,617,131510,30503,57199,20518,15494,7079,717,5406,4789,857,2658,696,382,141,55,617,3.4977650530252125
인천,중구,69020,68792,27947,16107,15347,4187,4831,373,228,65828,26978,15122,14674,4025,4680,349,3192,2964,969,985,673,162,151,24,228,4.294407418139669
인천,동구,44574,44377,16465,11432,10445,2477,3291,267,197,42655,15944,10817,10011,2415,3221,247,1919,1722,521,615,434,62,70,20,197,3.8632386593081165
인천,남구,253394,252401,96106,60493,60838,15559,18153,1252,993,242210,92956,57063,58227,15067,17732,1165,11184,10191,3150,3430,2611,492,421,87,993,4.021800042621372
인천,연수구,207543,206860,85637,41836,47945,15887,14601,954,683,199587,82923,39856,46282,15408,14213,905,7956,7273,2714,1980,1663,479,388,49,683,3.5043340416202904
인천,남동구,326468,325280,135772,66028,77394,21269,23202,1615,1188,313960,131744,62825,74556,20639,22657,1539,12508,11320,4028,3203,2838,630,545,76,1188,3.4674148768026267
인천,부평구,344712,343396,146601,66475,82340,21728,24609,1643,1316,331454,142240,63245,79286,21090,24059,1534,13258,11942,4361,3230,3054,638,550,109,1316,3.464341247186057
인천,계양구,205361,204564,88706,37176,48468,13387,15772,1055,797,197465,86011,35443,46595,13020,15396,1000,7896,7099,2695,1733,1873,367,376,55,797,3.4568394193639493
인천,서구,305936,304856,132144,56142,71975,20814,22391,1390,1080,296338,129049,53903,69874,20271,21898,1343,9598,8518,3095,2239,2101,543,493,47,1080,2.784242455938497
인천,강화군,43632,43342,12059,16990,9478,2220,2257,338,290,41473,11650,16105,9060,2138,2207,313,2159,1869,409,885,418,82,50,25,290,4.283553355335534
인천,옹진군,10591,10468,2935,3962,2327,589,526,129,123,10055,2846,3782,2235,571,514,107,536,413,89,180,92,18,12,22,123,3.8995373430270988
광주,동구,66105,65921,36961,1303,23367,1369,2659,262,184,63736,35769,1243,22536,1328,2616,244,2369,2185,1192,60,831,41,43,18,184,3.3053475531351637
광주,서구,204210,203796,123878,3171,62029,4599,9231,888,414,196996,120060,3031,59545,4484,9022,854,7214,6800,3818,140,2484,115,209,34,414,3.329905489447138
광주,남구,145630,145198,85430,2509,47512,3077,6007,663,432,138579,81682,2366,45124,2955,5839,613,7051,6619,3748,143,2388,122,168,50,432,4.545079997253313
광주,북구,291227,290477,177433,4216,88239,6255,13182,1152,750,280299,171608,4044,84564,6080,12899,1104,10928,10178,5825,172,3675,175,283,48,750,3.494868264274947
광주,광산구,247563,246919,158779,3617,65189,5484,12567,1283,644,239688,154450,3460,62871,5355,12328,1224,7875,7231,4329,157,2318,129,239,59,644,2.9208726667555327
대전,동구,126482,125981,49392,30537,31058,6468,7889,637,501,119882,47345,28633,29470,6226,7616,592,6600,6099,2047,1904,1588,242,273,45,501,4.822030012175645
대전,중구,156070,155461,61415,37523,37213,8826,9695,789,609,149222,59393,35443,35655,8559,9426,746,6848,6239,2022,2080,1558,267,269,43,609,3.997565195104761
대전,서구,307051,305951,133346,59492,70470,20042,21378,1223,1100,296296,129827,56923,68003,19514,20872,1157,10755,9655,3519,2569,2467,528,506,66,1100,3.144428775675702
대전,유성구,217637,216993,103144,35369,46957,16107,14711,705,644,210774,100647,33944,45460,15678,14372,673,6863,6219,2497,1425,1497,429,339,32,644,2.857510441698792
대전,대덕구,104073,103676,40946,23749,25580,5809,7066,526,397,99829,39627,22615,24546,5659,6897,485,4244,3847,1319,1134,1034,150,169,41,397,3.696443842302999
울산,중구,156627,155846,56519,47536,26348,12359,12287,797,781,150617,55029,45291,25473,12040,12031,753,6010,5229,1490,2245,875,319,256,44,781,3.338504855484686
울산,남구,219012,218109,80466,63228,38865,18519,16044,987,903,210756,78277,60233,37599,18003,15703,941,8256,7353,2189,2995,1266,516,341,46,903,3.357350282176319
울산,동구,108794,108231,44844,23660,19222,8315,11578,612,563,104166,43304,22515,18484,8041,11247,575,4628,4065,1540,1145,738,274,331,37,563,3.736419287828373
울산,북구,122619,122072,51952,26541,20027,9978,12895,679,547,119076,50889,25559,19535,9762,12685,646,3543,2996,1063,982,492,216,210,33,547,2.4433407546954387
울산,울주군,135954,135223,48353,42266,23496,10978,9289,841,731,130488,46950,40269,22738,10662,9089,780,5466,4735,1403,1997,758,316,200,61,731,3.4827956514703504
세종,세종시,152349,151813,77593,23148,31903,9155,9335,679,536,147687,75920,22084,30951,8955,9155,622,4662,4126,1673,1064,952,200,180,57,536,2.708255387301525
경기,수원시장안구,189118,188456,80481,36954,42963,13687,13503,868,662,182731,78529,35249,41597,13338,13199,819,6387,5725,1952,1705,1366,349,304,49,662,3.027210524645988
경기,수원시권선구,221513,220734,95081,42704,50881,15448,15546,1074,779,214083,92654,40839,49348,15035,15195,1012,7430,6651,2427,1865,1533,413,351,62,779,3.0025325827378078
경기,수원시팔달구,123225,122749,49733,27751,28131,8212,8312,610,476,118732,48418,26511,27130,7981,8117,575,4493,4017,1315,1240,1001,231,195,35,476,3.2598904443091907
경기,수원시영통구,219959,219313,105061,33303,46752,18441,15075,681,646,213277,102717,31802,45348,17985,14772,653,6682,6036,2344,1501,1404,456,303,28,646,2.744147772994058
경기,성남시수정구,149114,148556,63751,28346,36661,9300,9642,856,558,142785,61530,26921,35130,8999,9412,793,6329,5771,2221,1425,1531,301,230,63,558,3.8701932749440027
경기,성남시중원구,146475,145912,62584,27858,36418,8482,9584,986,563,139742,60262,26348,34783,8188,9293,868,6733,6170,2322,1510,1635,294,291,118,563,4.212322922000341
경기,성남시분당구,337515,336643,139684,71196,73860,30312,20399,1192,872,325319,135541,68108,71304,29385,19867,1114,12196,11324,4143,3088,2556,927,532,78,872,3.355110143252892
경기,의정부시,268218,267314,109392,56785,64618,17149,18076,1294,904,257440,106024,53886,62062,16648,17596,1224,10778,9874,3368,2899,2556,501,480,70,904,3.681333840383569
경기,안양시만안구,167659,167065,70334,35128,38565,10969,11263,806,594,160571,68136,33140,36951,10612,10981,751,7088,6494,2198,1988,1614,357,282,55,594,3.873338144686536
경기,안양시동안구,228134,227460,99890,42866,51469,17442,15008,785,674,222043,97938,41367,50148,17066,14778,746,6091,5417,1952,1499,1321,376,230,39,674,2.3744816642850255
경기,부천시,542650,540742,239304,100358,127910,34009,36741,2420,1908,524245,232940,96121,123721,33126,36043,2294,18405,16497,6364,4237,4189,883,698,126,1908,3.0400810835713625
경기,광명시,218377,217710,97816,39003,51832,13811,14329,919,667,210018,94852,37063,49823,13418,14011,851,8359,7692,2964,1940,2009,393,318,68,667,3.5223489653214397
경기,평택시,271149,270044,103393,62519,63474,19139,19949,1570,1105,261126,100624,59431,61383,18644,19552,1492,10023,8918,2769,3088,2091,495,397,78,1105,3.288966582948858
경기,양주시,120783,120254,46105,29675,28331,7571,7906,666,529,115759,44626,28191,27254,7342,7724,622,5024,4495,1479,1484,1077,229,182,44,529,3.72155021815984
경기,동두천시,55284,55002,19394,15678,12744,3194,3652,340,282,53052,18814,14935,12307,3102,3577,317,2232,1950,580,743,437,92,75,23,282,3.5272411547644893
경기,안산시상록구,224473,223570,97577,39563,54715,14222,16386,1107,903,216178,94758,37717,52836,13800,16010,1057,8295,7392,2819,1846,1879,422,376,50,903,3.2930463797427754
경기,안산시단원구,186649,185934,80592,33690,45625,11907,13229,891,715,178938,77932,32091,43770,11516,12812,817,7711,6996,2660,1599,1855,391,417,74,715,3.748211884339053
경기,고양시덕양구,286257,285383,119801,55024,61326,17985,30032,1215,874,277292,116973,52773,59403,17541,29470,1132,8965,8091,2828,2251,1923,444,562,83,874,2.8264810991521605
경기,고양시일산동구,187823,187307,81416,34919,41031,13970,15289,682,516,178086,77748,32831,38925,13329,14617,636,9737,9221,3668,2088,2106,641,672,46,516,4.90940939075619
경기,고양시일산서구,192184,191648,85775,35084,41403,13962,14749,675,536,185396,83369,33387,40008,13576,14405,651,6788,6252,2406,1697,1395,386,344,24,536,3.25313241476918
경기,과천시,40683,40559,16497,9029,8703,3348,2811,171,124,39153,16027,8585,8368,3256,2752,165,1530,1406,470,444,335,92,59,6,124,3.455988988029398
경기,의왕시,102768,102426,43230,21107,23394,7520,6788,387,342,99250,42129,20130,22646,7322,6665,358,3518,3176,1101,977,748,198,123,29,342,3.090456173127822
경기,구리시,123261,122835,51103,26088,28620,8154,8378,492,426,118510,49527,24810,27603,7930,8167,473,4751,4325,1576,1278,1017,224,211,19,426,3.508814629120322
경기,남양주시,387681,386415,160306,84195,89797,24843,25640,1634,1266,370332,154432,79452,86012,24018,24935,1483,17349,16083,5874,4743,3785,825,705,151,1266,4.148513855463642
경기,오산시,118439,117963,52267,21797,27121,7875,8404,499,476,114037,50826,20703,26182,7649,8206,471,4402,3926,1441,1094,939,226,198,28,476,3.3147865145771243
경기,화성시,385191,383964,176675,68910,84700,26138,25872,1669,1227,373420,172793,65914,82226,25547,25381,1559,11771,10544,3882,2996,2474,591,491,110,1227,2.7373432920291494
경기,시흥시,238709,237825,103544,43189,57933,14794,17114,1251,884,230010,100433,41321,55985,14369,16720,1182,8699,7815,3111,1868,1948,425,394,69,884,3.273860642036957
경기,군포시,185788,185201,82433,34749,41784,12862,12587,786,587,180362,80665,33394,40634,12570,12356,743,5426,4839,1768,1355,1150,292,231,43,587,2.6045815660860767
경기,하남시,120971,120553,48970,28718,27247,8334,6842,442,418,115519,47117,27233,26065,8017,6664,423,5452,5034,1853,1485,1182,317,178,19,418,4.161327921567979
경기,파주시,256060,255088,106871,55205,54694,16764,20173,1381,972,245532,103709,52036,52542,16241,19714,1290,10528,9556,3162,3169,2152,523,459,91,972,3.7319378270717802
경기,여주시,65205,64885,20223,21517,14438,3917,4350,440,320,61258,19361,19843,13681,3760,4216,397,3947,3627,862,1674,757,157,134,43,320,5.562456866804693
경기,이천시,121372,120794,43970,33207,26598,7883,8469,667,578,113426,42118,30002,24936,7555,8204,611,7946,7368,1852,3205,1662,328,265,56,578,6.070592887980753
경기,용인시처인구,134482,133853,50278,33077,31919,8688,9216,675,629,129440,49011,31485,30828,8450,9041,625,5042,4413,1267,1592,1091,238,175,50,629,3.2814800493746374
경기,용인시수지구,221949,221461,93376,49890,46431,18389,12672,703,488,215333,91262,47957,45117,17945,12381,671,6616,6128,2114,1933,1314,444,291,32,488,2.760994642913462
경기,용인시기흥구,261012,260372,115884,53336,55244,18972,16009,927,640,253861,113628,51365,53728,18516,15727,897,7151,6511,2256,1971,1516,456,282,30,640,2.4945213246900524
경기,안성시,106281,105820,39315,26661,25127,6407,7642,668,461,101776,38142,25237,24103,6223,7469,602,4505,4044,1173,1424,1024,184,173,66,461,3.8050074801704916
경기,김포시,224707,224024,93571,48425,50971,15588,14502,967,683,216208,90846,46160,49035,15093,14178,896,8499,7816,2725,2265,1936,495,324,71,683,3.478307306848474
경기,광주시,198763,198097,80009,44966,46715,12599,12848,960,666,189920,77376,42224,44737,12155,12533,895,8843,8177,2633,2742,1978,444,315,65,666,4.113944748268038
경기,포천시,89809,89304,27316,27909,22317,5741,5449,572,505,86365,26533,26845,21519,5591,5349,528,3444,2939,783,1064,798,150,100,44,505,3.2725005289002214
경기,연천군,28358,28153,8281,9504,6714,1876,1563,215,205,26927,7970,9008,6421,1807,1524,197,1431,1226,311,496,293,69,39,18,205,4.323295013752733
경기,양평군,70774,70409,21243,24740,15585,4195,4181,465,365,67706,20595,23512,14996,4083,4098,422,3068,2703,648,1228,589,112,83,43,365,3.8191991409274593
경기,가평군,38480,38210,10742,13802,8977,2213,2083,393,270,36640,10399,13123,8591,2146,2035,346,1840,1570,343,679,386,67,48,47,270,4.080041580041581
강원,춘천시,175259,174525,66689,43366,38496,12365,12730,879,734,168605,64967,41194,37155,12016,12459,814,6654,5920,1722,2172,1341,349,271,65,734,3.3778579131456867
강원,원주시,203610,202788,77266,50639,45592,13751,14384,1156,822,195866,75150,48275,43918,13383,14056,1084,7744,6922,2116,2364,1674,368,328,72,822,3.399636560090369
강원,강릉시,132047,131372,41441,44340,26797,9668,8358,768,675,125839,40166,41739,25678,9366,8179,711,6208,5533,1275,2601,1119,302,179,57,675,4.190174710519739
강원,동해시,54520,54292,16853,18860,11045,3805,3346,383,228,52166,16343,17886,10643,3684,3260,350,2354,2126,510,974,402,121,86,33,228,3.8994864269992666
강원,삼척시,43915,43623,13445,15921,8138,2866,2892,361,292,41374,12935,14914,7702,2735,2777,311,2541,2249,510,1007,436,131,115,50,292,5.121256973699192
강원,태백시,28020,27873,9524,10023,4953,1465,1735,173,147,26624,9211,9429,4708,1427,1688,161,1396,1249,313,594,245,38,47,12,147,4.457530335474661
강원,정선군,23780,23629,8244,8294,4471,1169,1211,240,151,22237,7870,7655,4202,1116,1182,212,1543,1392,374,639,269,53,29,28,151,5.853658536585367
강원,속초시,46731,46528,14954,13842,10956,3406,3124,246,203,44817,14493,13176,10550,3313,3061,224,1914,1711,461,666,406,93,63,22,203,3.6613810960604307
강원,고성군,18409,18259,5571,6463,3906,1191,966,162,150,17325,5325,6055,3714,1144,947,140,1084,934,246,408,192,47,19,22,150,5.073605301754577
강원,양양군,17744,17626,4960,6672,3845,1043,945,161,118,16473,4675,6132,3602,1003,914,147,1271,1153,285,540,243,40,31,14,118,6.497971145175834
강원,인제군,20509,20319,6499,5983,4696,1633,1297,211,190,19351,6238,5607,4476,1588,1259,183,1158,968,261,376,220,45,38,28,190,4.719879077478181
강원,홍천군,43478,43200,13799,13501,9990,2870,2678,362,278,41394,13281,12816,9579,2773,2615,330,2084,1806,518,685,411,97,63,32,278,4.153824922949538
강원,횡성군,29365,29200,8799,10407,6455,1671,1611,257,165,27666,8458,9730,6092,1590,1564,232,1699,1534,341,677,363,81,47,25,165,5.223906010556785
강원,영월군,25778,25647,8026,8747,5708,1527,1423,216,131,24144,7700,8085,5323,1456,1385,195,1634,1503,326,662,385,71,38,21,131,5.830553184886337
강원,평창군,27357,27198,8555,9334,5970,1542,1588,209,159,25243,8050,8530,5531,1450,1508,174,2114,1955,505,804,439,92,80,35,159,7.146251416456482
강원,화천군,16752,16585,5049,4976,3914,1398,1097,151,167,15915,4879,4715,3742,1354,1081,144,837,670,170,261,172,44,16,7,167,3.999522445081184
강원,양구군,14572,14428,4425,4218,3449,1251,932,153,144,12985,3982,3819,3109,1128,822,125,1587,1443,443,399,340,123,110,28,144,9.902552841065056
강원,철원군,28568,28317,8817,8360,6944,2163,1828,205,251,26992,8486,7857,6607,2085,1768,189,1576,1325,331,503,337,78,60,16,251,4.6380565667880145
충북,청주시상당구,105519,105070,41915,27005,21814,6476,7245,615,449,101490,40781,25706,21024,6304,7121,554,4029,3580,1134,1299,790,172,124,61,449,3.392753911617813
충북,청주시서원구,134552,134032,56363,30401,28781,8432,9443,612,520,129873,54890,29074,27863,8223,9240,583,4679,4159,1473,1327,918,209,203,29,520,3.0909982757595578
충북,청주시흥덕구,152658,152007,66151,30955,32638,9927,11584,752,651,147620,64563,29652,31654,9703,11345,703,5038,4387,1588,1303,984,224,239,49,651,2.8737439243275817
충북,청주시청원구,114505,114066,50042,23929,24042,7246,8197,610,439,110623,48837,22860,23267,7076,8021,562,3882,3443,1205,1069,775,170,176,48,439,3.0068555958255097
충북,충주시,126572,125949,43123,38433,28423,7190,8024,756,623,121428,41889,36654,27325,7017,7863,680,5144,4521,1234,1779,1098,173,161,76,623,3.571880036658977
충북,제천시,84386,83922,28422,26913,17688,5068,5233,598,464,80396,27477,25491,16905,4885,5096,542,3990,3526,945,1422,783,183,137,56,464,4.178418221031924
충북,단양군,17585,17489,4730,7424,3561,805,782,187,96,16768,4574,7066,3410,783,764,171,817,721,156,358,151,22,18,16,96,4.100085299971567
충북,영동군,32275,32077,10320,10903,6950,1720,1861,323,198,30683,9944,10330,6623,1667,1827,292,1592,1394,376,573,327,53,34,31,198,4.319132455460883
충북,보은군,22121,21968,7178,7539,4870,1005,1118,258,153,20986,6885,7146,4656,976,1096,227,1135,982,293,393,214,29,22,31,153,4.439220650061028
충북,옥천군,32736,32514,11004,10354,7366,1539,1875,376,222,30908,10554,9748,6979,1474,1824,329,1828,1606,450,606,387,65,51,47,222,4.905913978494623
충북,음성군,56219,55876,20474,15104,13270,2961,3632,435,343,53564,19769,14347,12668,2865,3523,392,2655,2312,705,757,602,96,109,43,343,4.112488660417297
충북,진천군,40976,40756,15709,10231,9420,2222,2909,265,220,39295,15266,9726,9065,2157,2837,244,1681,1461,443,505,355,65,72,21,220,3.5655017571261225
충북,괴산군,25755,25605,7854,9420,5802,1062,1197,270,150,24309,7540,8908,5454,1012,1160,235,1446,1296,314,512,348,50,37,35,150,5.032032615026209
충북,증평군,19018,18909,6829,5177,4565,992,1217,129,109,18208,6635,4917,4382,956,1195,123,810,701,194,260,183,36,22,6,109,3.685981701545904
충남,천안시서북구,210954,210181,93519,37172,47580,14529,16452,929,773,204005,91176,35523,46115,14171,16137,883,6949,6176,2343,1649,1465,358,315,46,773,2.927652473999071
충남,천안시동남구,150793,150121,59580,34813,34833,9063,11050,782,672,145370,58105,33329,33630,8797,10787,722,5423,4751,1475,1484,1203,266,263,60,672,3.1506767555523134
충남,공주시,66538,66142,24800,18378,15712,2921,3818,513,396,63382,23980,17361,15005,2847,3731,458,3156,2760,820,1017,707,74,87,55,396,4.148005650906248
충남,보령시,62391,61963,20474,19397,15322,2808,3499,463,428,59110,19692,18275,14603,2705,3429,406,3281,2853,782,1122,719,103,70,57,428,4.572774919459537
충남,아산시,173371,172632,73314,36688,38228,10229,13321,852,739,166481,71227,34793,36747,9933,12993,788,6890,6151,2087,1895,1481,296,328,64,739,3.54788286391611
충남,서산시,98067,97606,36984,24476,23081,5486,6952,627,461,93366,35689,23076,21976,5298,6756,571,4701,4240,1295,1400,1105,188,196,56,461,4.323574698930323
충남,태안군,38404,38142,12718,12626,8862,1608,2072,256,262,36223,12167,11875,8397,1547,2010,227,2181,1919,551,751,465,61,62,29,262,4.996875325486928
충남,금산군,32846,32602,11151,9379,8748,1310,1677,337,244,31082,10715,8891,8288,1261,1627,300,1764,1520,436,488,460,49,50,37,244,4.627656335626865
충남,논산시,71823,71445,27962,16883,18706,3474,3859,561,378,67979,26760,15918,17698,3361,3729,513,3844,3466,1202,965,1008,113,130,48,378,4.825752196371636
충남,계룡시,26226,26121,9433,6229,6642,2190,1481,146,105,25495,9240,6050,6468,2147,1454,136,731,626,193,179,174,43,27,10,105,2.386944253793945
충남,당진시,94828,94405,36915,23515,20727,4879,7585,784,423,90212,35566,22116,19679,4737,7390,724,4616,4193,1349,1399,1048,142,195,60,423,4.421689796262707
충남,부여군,42877,42602,13320,13698,10912,1863,2357,452,275,40665,12812,12989,10364,1797,2302,401,2212,1937,508,709,548,66,55,51,275,4.51757352426709
충남,서천군,34645,34439,12437,9854,8686,1544,1629,289,206,32656,11889,9246,8181,1497,1595,248,1989,1783,548,608,505,47,34,41,206,5.146485784384471
충남,홍성군,59405,59093,20943,16636,14185,3117,3836,376,312,54684,19453,15289,13147,2909,3559,327,4721,4409,1490,1347,1038,208,277,49,312,7.421934180624526
충남,청양군,20578,20452,6163,7086,5108,824,1077,194,126,19480,5938,6707,4821,795,1041,178,1098,972,225,379,287,29,36,16,126,4.723491107007484
충남,예산군,49520,49243,13842,18869,11202,2307,2690,333,277,47035,13341,17856,10689,2237,2632,280,2485,2208,501,1013,513,70,58,53,277,4.458804523424878
전북,전주시완산구,234237,233555,156224,6930,50103,6935,12533,830,682,225914,151345,6595,48242,6723,12243,766,8323,7641,4879,335,1861,212,290,64,682,3.2620807131238876
전북,전주시덕진구,187334,186845,125054,5149,40019,5266,10760,597,489,180667,121098,4902,38506,5094,10523,544,6667,6178,3956,247,1513,172,237,53,489,3.297853032551486
전북,군산시,155045,154633,98542,5672,38883,3829,7123,584,412,147458,94161,5304,36854,3691,6926,522,7587,7175,4381,368,2029,138,197,62,412,4.627688735528395
전북,익산시,190703,189990,122497,6413,45382,5292,9542,864,713,181567,117261,6044,43099,5117,9272,774,9136,8423,5236,369,2283,175,270,90,713,4.416815676732931
전북,정읍시,73106,72732,45550,2153,19965,1448,3091,525,374,68175,42694,1986,18659,1386,3002,448,4931,4557,2856,167,1306,62,89,77,374,6.233414494022378
전북,남원시,54885,54622,35247,1924,13763,1080,2168,440,263,51756,33376,1794,13056,1040,2115,375,3129,2866,1871,130,707,40,53,65,263,5.22182745741095
전북,김제시,57270,56966,35522,2027,15721,1171,2240,285,304,53551,33436,1877,14702,1114,2180,242,3719,3415,2086,150,1019,57,60,43,304,5.962982364239567
전북,완주군,61966,61732,40725,2085,13814,1501,3270,337,234,58358,38556,1945,12985,1430,3165,277,3608,3374,2169,140,829,71,105,60,234,5.444921408514347
전북,진안군,17927,17837,11814,810,3865,386,796,166,90,16497,10928,745,3576,365,763,120,1430,1340,886,65,289,21,33,46,90,7.474758743794277
전북,무주군,16811,16716,10273,1210,3948,425,715,145,95,15640,9646,1098,3691,401,683,121,1171,1076,627,112,257,24,32,24,95,6.400571054666587
전북,장수군,13623,13530,9064,621,2953,241,498,153,93,12389,8284,562,2721,229,485,108,1234,1141,780,59,232,12,13,45,93,8.375541363869926
전북,임실군,20192,20045,12790,756,4975,397,889,238,147,18509,11801,691,4593,384,857,183,1683,1536,989,65,382,13,32,55,147,7.6069730586370845
전북,순창군,16733,16628,10181,557,4852,232,527,279,105,15524,9501,514,4538,227,510,234,1209,1104,680,43,314,5,17,45,105,6.5977409908563915
전북,고창군,38843,38564,23672,1192,11101,717,1418,464,279,35956,22035,1101,10389,677,1365,389,2887,2608,1637,91,712,40,53,75,279,6.714208480292459
전북,부안군,36355,36143,22326,1483,9766,686,1606,276,212,33885,20906,1384,9143,657,1568,227,2470,2258,1420,99,623,29,38,49,212,6.2109751065878145
전남,목포시,144234,143724,77164,2554,52965,2967,7455,619,510,138636,74626,2447,50820,2877,7306,560,5598,5088,2538,107,2145,90,149,59,510,3.527600981738009
전남,여수시,184680,184005,117134,4242,50013,4172,7356,1088,675,176726,112631,4010,47882,4041,7189,973,7954,7279,4503,232,2131,131,167,115,675,3.9414121724063245
전남,순천시,180847,180198,122269,4488,40266,4304,7462,1409,649,172604,117226,4255,38421,4156,7230,1316,8243,7594,5043,233,1845,148,232,93,649,4.199129651030982
전남,나주시,71135,70796,43758,1413,20897,1477,2673,578,339,67519,41795,1339,19835,1427,2614,509,3616,3277,1963,74,1062,50,59,69,339,4.606733675405918
전남,광양시,96069,95747,63386,4083,19985,3135,4543,615,322,92224,61097,3912,19199,3031,4426,559,3845,3523,2289,171,786,104,117,56,322,3.667155898364717
전남,담양군,32921,32734,19911,695,9984,596,1210,338,187,31016,18877,647,9447,569,1180,296,1905,1718,1034,48,537,27,30,42,187,5.218553506880107
전남,장성군,30547,30399,17320,843,10123,667,1188,258,148,28818,16395,779,9622,640,1151,231,1729,1581,925,64,501,27,37,27,148,5.175630994860379
전남,곡성군,21087,20893,12060,620,6807,337,785,284,194,19567,11297,568,6366,324,758,254,1520,1326,763,52,441,13,27,30,194,6.288234457248541
전남,구례군,18855,18746,11841,619,5171,283,636,196,109,17718,11162,578,4910,268,619,181,1137,1028,679,41,261,15,17,15,109,5.4521347122779105
전남,고흥군,46710,46311,26768,1316,15478,696,1188,865,399,43403,25051,1220,14555,663,1158,756,3307,2908,1717,96,923,33,30,109,399,6.22564761293085
전남,보성군,29819,29636,16586,729,10466,536,937,382,183,27781,15518,680,9819,518,914,332,2038,1855,1068,49,647,18,23,50,183,6.220865890874946
전남,화순군,43418,43196,25792,764,13780,720,1662,478,222,41075,24580,707,13043,695,1628,422,2343,2121,1212,57,737,25,34,56,222,4.88507070800129
전남,장흥군,27035,26877,14768,631,9553,509,972,444,158,24602,13601,566,8648,483,929,375,2433,2275,1167,65,905,26,43,69,158,8.415017569816904
전남,강진군,24964,24805,12363,749,10082,484,884,243,159,23495,11688,701,9574,460,862,210,1469,1310,675,48,508,24,22,33,159,5.2475564813331195
전남,완도군,34145,33883,20523,746,10787,511,960,356,262,32127,19422,712,10267,493,944,289,2018,1756,1101,34,520,18,16,67,262,5.142773466100454
전남,해남군,47961,47634,25687,1143,18041,769,1567,427,327,44881,24290,1031,16924,735,1529,372,3080,2753,1397,112,1117,34,38,55,327,5.740080482058339
전남,진도군,21036,20861,10329,507,8780,321,682,242,175,19652,9738,476,8274,304,665,195,1384,1209,591,31,506,17,17,47,175,5.747290359383913
전남,영암군,36105,35895,18839,813,13536,664,1761,282,210,33997,17886,759,12747,639,1718,248,2108,1898,953,54,789,25,43,34,210,5.256889627475418
전남,무안군,51858,51659,29218,965,17859,957,2340,320,199,49310,27992,905,16916,933,2297,267,2548,2349,1226,60,943,24,43,53,199,4.529677195418257
전남,영광군,35736,35542,20504,815,11613,681,1316,613,194,33403,19279,754,10889,657,1282,542,2333,2139,1225,61,724,24,34,71,194,5.98556077904634
전남,함평군,23197,23040,13460,464,7780,354,784,198,157,21619,12620,435,7292,343,765,164,1578,1421,840,29,488,11,19,34,157,6.125792128292452
전남,신안군,28640,28450,14208,707,11889,455,878,313,190,26673,13327,659,11155,430,852,250,1967,1777,881,48,734,25,26,63,190,6.204608938547486
경북,포항시북구,170846,170084,38468,76967,26737,17364,9657,891,762,164217,37507,73583,25907,16948,9456,816,6629,5867,961,3384,830,416,201,75,762,3.4340868384392964
경북,포항시남구,149710,148904,34360,66154,24504,14303,8761,822,806,142894,33318,62801,23620,13862,8542,751,6816,6010,1042,3353,884,441,219,71,806,4.014427893928262
경북,울릉군,6773,6731,1430,3510,968,521,259,43,42,6490,1392,3357,936,507,257,41,283,241,38,153,32,14,2,2,42,3.55824597667208
경북,경주시,166609,165713,37958,79835,23733,13746,9252,1189,896,156406,36443,74270,22546,13148,8933,1066,10203,9307,1515,5565,1187,598,319,123,896,5.586132801949475
경북,김천시,91779,91202,22175,43836,12716,6323,5448,704,577,87449,21532,41581,12236,6133,5333,634,4330,3753,643,2255,480,190,115,70,577,4.089170725329324
경북,안동시,106362,105678,22775,52697,15287,9132,4978,809,684,101322,22108,50035,14739,8866,4866,708,5040,4356,667,2662,548,266,112,101,684,4.095447622271112
경북,구미시,245995,244685,62413,98561,40961,25409,15999,1342,1310,236321,60733,94305,39693,24705,15625,1260,9674,8364,1680,4256,1268,704,374,82,1310,3.4000691070956726
경북,영주시,70542,70076,15216,34376,10369,6426,3174,515,466,66905,14766,32405,9953,6228,3103,450,3637,3171,450,1971,416,198,71,65,466,4.495194352300757
경북,영천시,65702,65228,12145,35222,9086,5533,2593,649,474,61728,11641,33000,8656,5353,2518,560,3974,3500,504,2222,430,180,75,89,474,5.327082889409759
경북,상주시,67169,66776,12239,37965,9292,3991,2578,711,393,63705,11865,35901,8925,3885,2508,621,3464,3071,374,2064,367,106,70,90,393,4.572049606217154
경북,문경시,48695,48403,8546,27642,6837,2960,1962,456,292,46191,8285,26141,6547,2888,1920,410,2504,2212,261,1501,290,72,42,46,292,4.542560837868365
경북,예천군,31954,31678,5232,18784,4390,1830,1015,427,276,29918,5014,17609,4178,1762,994,361,2036,1760,218,1175,212,68,21,66,276,5.507917631595419
경북,경산시,160457,159538,35514,72050,24505,17918,8538,1013,919,153069,34467,68309,23614,17421,8339,919,7388,6469,1047,3741,891,497,199,94,919,4.031609714752239
경북,청도군,30234,30004,5290,17612,3621,2134,960,387,230,28467,5071,16614,3445,2071,940,326,1767,1537,219,998,176,63,20,61,230,5.083680624462525
경북,고령군,22258,22077,3728,13185,2578,1514,836,236,181,20951,3585,12430,2467,1460,812,197,1307,1126,143,755,111,54,24,39,181,5.058855243058676
경북,성주군,29984,29785,5385,16759,3565,2050,1714,312,199,28159,5160,15747,3357,1960,1666,269,1825,1626,225,1012,208,90,48,43,199,5.422892209178229
경북,칠곡군,71821,71423,16831,31497,11271,7046,4321,457,398,69288,16471,30290,10967,6894,4239,427,2533,2135,360,1207,304,152,82,30,398,2.972668161122791
경북,군위군,17568,17479,2240,11616,1934,1049,470,170,89,16486,2144,10892,1833,1016,457,144,1082,993,96,724,101,33,13,26,89,5.652322404371585
경북,의성군,37705,37445,5329,23733,4737,2176,1020,450,260,35352,5120,22272,4497,2090,998,375,2353,2093,209,1461,240,86,22,75,260,5.550987932634929
경북,청송군,18322,18211,3197,10638,2364,1175,604,233,111,16979,3051,9815,2228,1114,571,200,1343,1232,146,823,136,61,33,33,111,6.7241567514463485
경북,영양군,11974,11883,2271,6520,1690,696,437,269,91,11193,2184,6093,1587,664,424,241,781,690,87,427,103,32,13,28,91,5.7624853850008355
경북,영덕군,25977,25773,3761,16250,3200,1507,805,250,204,24371,3622,15256,3034,1454,787,218,1606,1402,139,994,166,53,18,32,204,5.397082034107094
경북,봉화군,20649,20511,3847,11236,3025,1279,838,286,138,19431,3693,10561,2876,1240,820,241,1218,1080,154,675,149,39,18,45,138,5.230277495278222
경북,울진군,32398,32188,6931,16802,4437,2273,1430,315,210,30787,6730,15884,4272,2217,1402,282,1611,1401,201,918,165,56,28,33,210,4.324341008704241
경남,창원시의창구,163373,162571,60566,56710,22653,12076,9745,821,802,156098,58563,53761,21816,11675,9518,765,7275,6473,2003,2949,837,401,227,56,802,3.9620990004468304
경남,창원시성산구,152815,152155,63556,41931,22786,12468,10807,607,660,148238,62078,40538,22223,12181,10627,591,4577,3917,1478,1393,563,287,180,16,660,2.563230049406145
경남,창원시마산합포구,118848,118264,35489,54346,14578,7464,5869,518,584,113545,34428,51553,14069,7266,5744,485,5303,4719,1061,2793,509,198,125,33,584,3.970617932148627
경남,창원시마산회원구,135751,135106,44616,56121,17537,9149,7059,624,645,129625,43214,53183,16872,8885,6888,583,6126,5481,1402,2938,665,264,171,41,645,4.037539318310731
경남,창원시진해구,112985,112481,40785,39590,16944,8523,6125,514,504,109026,39841,37888,16493,8326,5999,479,3959,3455,944,1702,451,197,126,35,504,3.057928043545603
경남,진주시,222151,220990,73716,93541,26548,14701,11229,1255,1161,212135,71410,88811,25589,14229,10959,1137,10016,8855,2306,4730,959,472,270,118,1161,3.986027521820744
경남,통영시,82316,81815,25314,35987,10601,5294,4057,562,501,78350,24532,33981,10205,5155,3970,507,3966,3465,782,2006,396,139,87,55,501,4.209388211283347
경남,고성군,34320,34069,9769,16706,4043,1809,1451,291,251,32364,9395,15682,3873,1750,1419,245,1956,1705,374,1024,170,59,32,46,251,4.967948717948718
경남,사천시,71251,70773,22280,32377,8282,4112,3262,460,478,67090,21475,30160,7915,3969,3173,398,4161,3683,805,2217,367,143,89,62,478,5.1690502589437335
경남,김해시,317178,315652,147556,82654,44872,21855,17412,1303,1526,302957,142339,78273,43032,21131,16972,1210,14221,12695,5217,4381,1840,724,440,93,1526,4.002484409385267
경남,밀양시,70318,69852,20728,32275,9000,4427,2932,490,466,66661,20023,30459,8585,4296,2864,434,3657,3191,705,1816,415,131,68,56,466,4.537956142097329
경남,거제시,149052,148287,67754,38596,20168,10858,10176,735,765,143165,65827,36675,19489,10544,9960,670,5887,5122,1927,1921,679,314,216,65,765,3.436384617448944
경남,의령군,19007,18794,5030,10081,1900,810,677,296,213,17517,4767,9316,1767,771,647,249,1490,1277,263,765,133,39,30,47,213,6.718577366233493
경남,함안군,43671,43365,13538,19731,5365,2439,1982,310,306,41609,13147,18710,5164,2377,1939,272,2062,1756,391,1021,201,62,43,38,306,4.020975017746331
경남,창녕군,42454,42049,10161,24344,3795,1994,1389,366,405,40022,9820,22968,3613,1945,1356,320,2432,2027,341,1376,182,49,33,46,405,4.774579544919207
경남,양산시,199151,198218,83166,58674,30759,14007,10678,934,933,191252,80725,55948,29690,13597,10430,862,7899,6966,2441,2726,1069,410,248,72,933,3.4978483663150075
경남,하동군,33723,33408,10998,14714,4045,1761,1465,425,315,31547,10510,13731,3847,1677,1423,359,2176,1861,488,983,198,84,42,66,315,5.518488865166208
경남,남해군,29868,29597,8554,14097,3814,1612,1234,286,271,27960,8129,13226,3610,1550,1202,243,1908,1637,425,871,204,62,32,43,271,5.48078210794161
경남,함양군,26246,25995,7235,12922,3134,1299,1094,311,251,24410,6902,11984,2953,1247,1069,255,1836,1585,333,938,181,52,25,56,251,6.039015469023852
경남,산청군,24248,24035,6455,12491,2684,1180,925,300,213,22712,6182,11676,2552,1143,905,254,1536,1323,273,815,132,37,20,46,213,5.456120092378753
경남,거창군,40928,40557,11074,19898,4835,2436,1898,416,371,38341,10688,18508,4587,2354,1848,356,2587,2216,386,1390,248,82,50,60,371,5.4143862392494135
경남,합천군,32717,32438,7092,19549,3035,1305,1061,396,279,29548,6576,17666,2743,1228,1023,312,3169,2890,516,1883,292,77,38,84,279,8.83332823914173
제주,제주시,272047,270716,125243,47875,55694,16820,23538,1546,1331,262029,121741,45796,53667,16322,23085,1418,10018,8687,3502,2079,2027,498,453,128,1331,3.1931982341286616
제주,서귀포시,100734,100109,43581,19948,21745,5842,8107,886,625,95825,41893,18798,20787,5647,7896,804,4909,4284,1688,1150,958,195,211,82,625,4.252784561319912
