region,district,index,vote_all,U_all,M1,H1,M2,H2,U2,under50,r50s,over60,시도,R_1,R_2,K,R_1sq,구,공개대조_차이비,공개대조_2%이상
1,강릉시,1,132047,6208,40166,41739,1275,2601,675,0.48610030179002356,0.20918135956685574,0.3047183386431207,강원특별자치도,0.5096025883645687,0.6710526315789473,1.3168155870881832,0.2596947980678681,강릉시,0.0023841090410066756,False
1,고성군,2,18409,1084,5325,6055,246,408,150,0.4124170245997657,0.20839515814135104,0.37918781725888323,강원특별자치도,0.5320738137082601,0.6238532110091743,1.1724937310131138,0.2831025432340523,고성군,0.011581108829568788,False
1,동해시,3,54520,2354,16343,17886,510,974,228,0.5002236018309044,0.20814699847424634,0.29162939969484925,강원특별자치도,0.5225393672032487,0.6563342318059299,1.2560474348923838,0.27304739027717156,동해시,0.013262233028486172,False
1,삼척시,4,43915,2541,12935,14914,510,1007,292,0.4525168040905474,0.2044596447860759,0.34302355112337674,강원특별자치도,0.5355308987755395,0.6638101516150297,1.2395366040181683,0.28679334354333713,삼척시,0.003427563036617233,False
1,속초시,5,46731,1914,14493,13176,461,666,203,0.4946274806218784,0.22454907889081557,0.280823440487306,강원특별자치도,0.47620080234197115,0.59094942324756,1.2409668785547008,0.22676720415113708,속초시,0.004563053097345133,False
1,양구군,6,14572,1587,3982,3819,443,399,144,0.5066877680212375,0.1981825607514805,0.295129671227282,강원특별자치도,0.48955262145878736,0.47387173396674587,0.9679689438791789,0.23966176917717075,양구군,0.015154968094804011,False
1,양양군,7,17744,1271,4675,6132,285,540,118,0.3793984584450402,0.21535690348525469,0.4052446380697051,강원특별자치도,0.5674100120292404,0.6545454545454545,1.153566980964241,0.32195412175102267,양양군,0.006151742993848257,False
1,영월군,8,25778,1634,7700,8085,326,662,131,0.3768983895925268,0.22419622901025846,0.39890538139721476,강원특별자치도,0.5121951219512195,0.6700404858299596,1.3081742818584925,0.26234384295062463,영월군,0.004333372907515137,False
1,원주시,9,203610,7744,75150,48275,2116,2364,822,0.5566945224975368,0.21111192205233004,0.2321935554501332,강원특별자치도,0.39112821551549526,0.5276785714285714,1.349119164755493,0.1529812809723357,원주시,0.002651175484424344,False
1,인제군,10,20509,1158,6238,5607,261,376,190,0.4936020002941609,0.20723635828798354,0.29916164141785556,강원특별자치도,0.4733642887294217,0.5902668759811617,1.2469611460668557,0.22407374984431133,인제군,0.008026702694111102,False
1,정선군,11,23780,1543,7870,7655,374,639,151,0.3944462730781891,0.22600915646787756,0.3795445704539334,강원특별자치도,0.4930756843800322,0.6307996051332675,1.2793159855903302,0.2431236305268371,정선군,0.003314650756343036,False
1,철원군,12,28568,1576,8486,7857,331,503,251,0.4903117313387882,0.19632548566839014,0.31336278299282166,강원특별자치도,0.48075628709539253,0.6031175059952039,1.2545181876644542,0.2311266075817475,철원군,0.014797820476053915,False
1,춘천시,13,175259,6654,64967,41194,1722,2172,734,0.5311266892481754,0.20287128540000698,0.2660020253518176,강원특별자치도,0.38803327022164447,0.5577812018489985,1.4374571580689306,0.15056981879890374,춘천시,0.0028359669469411423,False
1,태백시,14,28020,1396,9211,9429,313,594,147,0.4496649464684587,0.208811522760533,0.3415235307710082,강원특별자치도,0.5058476394849786,0.6549062844542448,1.294671030037875,0.2558818343725249,태백시,0.002856705606284752,False
1,평창군,15,27357,2114,8050,8530,505,804,159,0.3907116944088775,0.23346137430644473,0.37582693128467776,강원특별자치도,0.514475271411339,0.6142093200916731,1.1938558648440727,0.2646848048937709,평창군,0.002787223368080718,False
1,홍천군,16,43478,2084,13281,12816,518,685,278,0.40934638669757667,0.2275388181924315,0.36311479510999184,강원특별자치도,0.4910909299919531,0.5694098088113051,1.1594793836258295,0.24117030152036137,홍천군,0.0036496350364963502,False
1,화천군,17,16752,837,4879,4715,170,261,167,0.5156914172017726,0.18431762684272407,0.2999909559555033,강원특별자치도,0.49145299145299143,0.605568445475638,1.2322001412286896,0.24152604280809406,화천군,0.015225933202357564,False
1,횡성군,18,29365,1699,8458,9730,341,677,165,0.3669692562315061,0.2302271929384623,0.4028035508300316,강원특별자치도,0.5349681108423137,0.6650294695481336,1.2431198347524617,0.286190879618194,횡성군,0.002596593269630245,False
2,가평군,19,38480,1840,10399,13123,343,679,270,0.4134040645546922,0.2210848774656306,0.3655110579796772,경기도,0.557903239520449,0.6643835616438356,1.1908580459488152,0.3112560246674114,가평군,0.007842186110437384,False
2,고양시덕양구,20,286257,8965,116973,52773,2828,2251,874,0.5736491285581599,0.20705075670655085,0.2193001147352893,경기도,0.31089392386271253,0.443197479818862,1.4255585130527457,0.09665503189475409,고양시덕양구,0.002254308868850588,False
2,고양시일산동구,21,187823,9737,77748,32831,3668,2088,516,0.6032310353182991,0.21200588220549285,0.18476308247620798,경기도,0.29690085820996753,0.3627519110493398,1.2217947541020664,0.08815011960581524,고양시일산동구,0.0022898406545342276,False
2,고양시일산서구,22,192184,6788,83369,33387,2406,1697,536,0.6022567409144197,0.2109110701725004,0.1868321889130799,경기도,0.2859553256363699,0.4135998050207165,1.4463790947074842,0.08177044825980234,고양시일산서구,0.0017098111773743247,False
2,과천시,23,40683,1530,16027,8585,470,444,124,0.5583345321523253,0.21515033190160093,0.2265151359460737,경기도,0.34881358686819436,0.48577680525164113,1.392654482335864,0.12167091838385537,과천시,0.0022280420591799244,False
2,광명시,24,218377,8359,94852,37063,2964,1940,667,0.5912595073513681,0.19769389095040316,0.21104660169822873,경기도,0.28096122503127013,0.39559543230016314,1.4080072161421369,0.07893920997107201,광명시,0.00161266783420899,False
2,광주시,25,198763,8843,77376,42224,2633,2742,666,0.5885100906784894,0.20012125179460094,0.21136865752690973,경기도,0.35304347826086957,0.5101395348837209,1.4449765150647267,0.12463969754253308,광주시,0.0018369873407611517,False
2,구리시,26,123261,4751,49527,24810,1576,1278,426,0.583930231973661,0.21313051345849354,0.2029392545678454,경기도,0.3337503531215949,0.4477925718290119,1.3416991701754637,0.11138929820878929,구리시,0.0013325743265971486,False
2,군포시,27,185788,5426,80665,33394,1768,1355,587,0.5992860017849956,0.20758010604973487,0.19313389216526958,경기도,0.29277829895054314,0.4338776817162984,1.4819325177840115,0.08571913233637361,군포시,0.0013039587505859292,False
2,김포시,28,224707,8499,90846,46160,2725,2265,683,0.5992995587907088,0.18807189823001252,0.2126285429792786,경기도,0.33691955096857074,0.45390781563126253,1.3472290768712467,0.11351478382486334,김포시,0.001343301426994029,False
2,남양주시,29,387681,17349,154432,79452,5874,4743,1266,0.5831732410998575,0.19687052274327183,0.21995623615687068,경기도,0.33970686323134547,0.4467363662051427,1.3150642938317927,0.11540075292648005,남양주시,0.026299755082535195,True
2,동두천시,30,55284,2232,18814,14935,580,743,282,0.516462595191877,0.20250360858095665,0.2810337962271664,경기도,0.4425316305668316,0.5616024187452758,1.2690672936213134,0.19583424405213873,동두천시,0.0029849049094578845,False
2,부천시,31,542650,18405,232940,96121,6364,4237,1908,0.5830104668267064,0.21771169603405616,0.1992778371392374,경기도,0.2921069345805185,0.3996792755400434,1.3682635645538668,0.08532646123002732,부천시,0.0017017349466995452,False
2,성남시분당구,34,337515,12196,135541,68108,4143,3088,872,0.6228710643745883,0.1866602031049956,0.19046873252041616,경기도,0.33443817548821747,0.4270502005255151,1.2769182223354176,0.11184889322388775,성남시분당구,0.0014442313611288682,False
2,성남시수정구,35,149114,6329,61530,26921,2221,1425,558,0.5649837174037338,0.2024809207746041,0.23253536182166207,경기도,0.30436060643746254,0.3908392759188151,1.2841322682773715,0.09263537875097996,성남시수정구,0.001788385250699096,False
2,성남시중원구,36,146475,6733,60262,26348,2322,1510,563,0.565040896392444,0.21092150514860872,0.22403759845894727,경기도,0.30421429396143634,0.3940501043841336,1.295304369998095,0.09254633665045521,성남시중원구,0.002019310344827586,False
2,수원시권선구,37,221513,7430,92654,40839,2427,1865,779,0.6300910546155567,0.19973148355336764,0.17017746183107563,경기도,0.30592615343126606,0.43452935694315004,1.4203733550383684,0.09359081135325054,수원시권선구,0.002020801946923166,False
2,수원시영통구,38,219959,6682,102717,31802,2344,1501,646,0.7107042274847072,0.17317621585609594,0.1161195566591969,경기도,0.23641270006467488,0.3903771131339402,1.6512527162337116,0.05589096475186993,수원시영통구,0.0012343451113437038,False
2,수원시장안구,39,189118,6387,78529,35249,1952,1705,662,0.6084174676644533,0.20227298338459998,0.1893095489509468,경기도,0.3098050589744942,0.4662291495761553,1.5049113501227211,0.09597917456618982,수원시장안구,0.009279959505631248,False
2,수원시팔달구,40,123225,4493,48418,26511,1315,1240,476,0.5795661335121157,0.20230341921271908,0.2181304472751652,경기도,0.3538149448144243,0.48532289628180036,1.3716856887895221,0.12518501517403413,수원시팔달구,0.0014433733697613279,False
2,시흥시,41,238709,8699,100433,41321,3111,1868,884,0.6317224686375075,0.21374161577580578,0.15453591558668678,경기도,0.2914979471478759,0.3751757381000201,1.2870613387534242,0.08497105319142587,시흥시,0.001680500748401143,False
2,안산시단원구,42,186649,7711,77932,32091,2660,1599,715,0.619176077368827,0.22342819848505824,0.15739572414611475,경기도,0.29167537696663426,0.3754402441887767,1.2871852540083444,0.0850745255286282,안산시단원구,0.003061945513072152,False
2,안산시상록구,43,224473,8295,94758,37717,2819,1846,903,0.6213632339923281,0.21392741221599293,0.16470935379167898,경기도,0.28471032270239666,0.3957127545551983,1.3898784940398201,0.08105996785330284,안산시상록구,0.008294344370765148,False
2,안성시,44,106281,4505,38142,25237,1173,1424,461,0.5411227374230067,0.19839165604107215,0.26048560653592123,경기도,0.39819183010145315,0.5483249903735079,1.3770372692825041,0.15855673355954453,안성시,0.0014680731917727362,False
2,안양시동안구,45,228134,6091,97938,41367,1952,1499,674,0.6066645938480673,0.21081288232657017,0.18252252382536263,경기도,0.2969527296220523,0.4343668501883512,1.4627474572845085,0.08818092362998771,안양시동안구,0.011042604780048494,False
2,안양시만안구,46,167659,7088,68136,33140,2198,1988,594,0.56069928703975,0.21617159413819245,0.22312911882205758,경기도,0.3272246139263004,0.47491638795986624,1.4513467745028186,0.10707594795921636,안양시만안구,0.0017133174938235378,False
2,양주시,47,120783,5024,44626,28191,1479,1484,529,0.5533242925813365,0.20439162600346292,0.24228408141520058,경기도,0.3871486054080778,0.5008437394532569,1.2936731075792915,0.14988404266941951,양주시,0.003222624136797106,False
2,양평군,48,70774,3068,20595,23512,648,1228,365,0.4223346311668958,0.2160420624009571,0.3616233064321471,경기도,0.5330673135783436,0.6545842217484008,1.2279579052678085,0.2841607608056321,양평군,0.0031650371783476772,False
2,여주시,49,65205,3947,19361,19843,862,1674,320,0.475885969335751,0.21445661620334108,0.3096574144609079,경기도,0.5061473319049077,0.6600946372239748,1.3041551256225725,0.2561851215944568,여주시,0.007490191416002853,False
2,연천군,50,28358,1431,7970,9008,311,496,205,0.43798977415790963,0.2050820893604995,0.35692813648159094,경기도,0.5305689716103192,0.6146220570012392,1.158420657611794,0.28150343363563174,연천군,0.008695167493450754,False
2,오산시,51,118439,4402,50826,20703,1441,1094,476,0.6757750268105656,0.16996348803907835,0.15426148515035612,경기도,0.28943505431363503,0.43155818540433927,1.491036344674056,0.08377265066553687,오산시,0.0016579724210441182,False
2,용인시기흥구,52,261012,7151,113628,51365,2256,1971,640,0.6389036555239376,0.1664717470840239,0.19462459739203852,경기도,0.3113162376585673,0.46628814762242726,1.49779578196568,0.09691779982988556,용인시기흥구,0.0011922890769793769,False
2,용인시수지구,53,221949,6616,91262,47957,2114,1933,488,0.62775144930776,0.1683842267626414,0.20386432392959866,경기도,0.3444716597590846,0.4776377563627378,1.386580703610818,0.11866072437717855,용인시수지구,0.015719251961471344,False
2,용인시처인구,54,134482,5042,49011,31485,1267,1592,629,0.5730260377726489,0.20100445340181386,0.22596950882553718,경기도,0.39113744782349436,0.5568380552640784,1.423637798841901,0.15298850308987677,용인시처인구,0.0026442997989853546,False
2,의왕시,55,102768,3518,42129,20130,1101,977,342,0.5706987876172166,0.21825244242162672,0.21104876996115668,경기도,0.32332674794005684,0.4701636188642926,1.454143901980725,0.10454018593349304,의왕시,0.011523038394763931,False
2,의정부시,56,268218,10778,106024,53886,3368,2899,904,0.5633798903636116,0.20812854074689444,0.22849156888949396,경기도,0.3369770495903946,0.4625817775650231,1.3727397106933683,0.11355353195064725,의정부시,0.008531863227669488,False
2,이천시,57,121372,7946,42118,30002,1852,3205,578,0.5770144159625757,0.19823738603274618,0.22474819800467802,경기도,0.4160011092623405,0.6337749653945026,1.5234934505783457,0.17305692290749777,이천시,0.0030099470352667615,False
2,파주시,58,256060,10528,103709,52036,3162,3169,972,0.5942881795663454,0.18575889555427727,0.21995292487937734,경기도,0.3341102443096087,0.500552835255094,1.4981666793528443,0.1116296553526264,파주시,0.0025785408781808673,False
2,평택시,59,271149,10023,100624,59431,2769,3088,1105,0.5987955043397657,0.19571342799359567,0.20549106766663858,경기도,0.37131611008715754,0.5272323715212566,1.419901688072466,0.13787565361025808,평택시,0.008894809469477483,False
2,포천시,60,89809,3444,26533,26845,783,1064,505,0.485522711222518,0.23589715731392163,0.27858013146356037,경기도,0.5029225523623965,0.5760693015701137,1.1454433667055144,0.2529310936747074,포천시,0.007850957565304876,False
2,하남시,61,120971,5452,47117,27233,1853,1485,418,0.5843224362452523,0.19715364442032918,0.21852391933441853,경기도,0.3662811028917283,0.444877171959257,1.2145785530485351,0.13416184633558087,하남시,0.12799272653803415,True
2,화성시,62,385191,11771,172793,65914,3882,2996,1227,0.668548525507062,0.16682719003341712,0.16462428445952085,경기도,0.2761293133422983,0.4355917417854027,1.5774918516000869,0.07624739768688915,화성시,0.0015002805402636265,False
3,거제시,63,149052,5887,65827,36675,1927,1921,765,0.6443574153371023,0.18560565655334257,0.1700369281095551,경상남도,0.35779789662640726,0.49922037422037424,1.395257990411365,0.12801933483028122,거제시,0.006687463807371155,False
3,거창군,64,40928,2587,10688,18508,386,1390,371,0.4100667848922763,0.20220352412934384,0.3877296909783798,경상남도,0.6339224551308399,0.7826576576576577,1.2346268085678072,0.4018576791191117,거창군,0.008324795081967214,False
3,고성군,65,34320,1956,9395,15682,374,1024,251,0.386885524749107,0.20488178261609116,0.40823269263480183,경상남도,0.6253539099573314,0.7324749642346209,1.1712966890773873,0.39106751269892215,고성군,0.006380183899418277,False
3,김해시,66,317178,14221,142339,78273,5217,4381,1526,0.6134811915633833,0.20530550119591215,0.1812133072407045,경상남도,0.3547993762805287,0.4564492602625547,1.2864996129577597,0.1258825974090522,김해시,0.002781002547086445,False
3,남해군,67,29868,1908,8129,13226,425,871,271,0.3109871974394879,0.19748949789957992,0.4915233046609322,경상남도,0.619339733083587,0.6720679012345679,1.0851360979029334,0.3835817049760488,남해군,0.008535411012868773,False
3,밀양시,68,70318,3657,20023,30459,705,1816,466,0.3951656126058527,0.2195519348268839,0.38528245256726334,경상남도,0.6033635751356919,0.7203490678302261,1.193888888085803,0.36404760380052376,밀양시,0.00437673754602149,False
3,사천시,69,71251,4161,21475,30160,805,2217,478,0.48920855671744784,0.1945220022294177,0.3162694410531345,경상남도,0.5840999322165198,0.7336201191264063,1.255983914160875,0.341172730815343,사천시,0.0034278421004649466,False
3,산청군,70,24248,1536,6182,11676,273,815,213,0.3194639239520025,0.20916316035530622,0.4713729156926913,경상남도,0.6538246164184119,0.7490808823529411,1.1456908527799607,0.4274866290346835,산청군,0.008322428683590684,False
3,양산시,71,199151,7899,80725,55948,2441,2726,933,0.5857644075180483,0.20201254045307443,0.21222305202887728,경상남도,0.4093566395703614,0.5275788658796207,1.2888000703575713,0.16757285836033878,양산시,0.002692954022907687,False
3,의령군,72,19007,1490,4767,9316,263,765,213,0.32224807445442877,0.19536264441591783,0.4823892811296534,경상남도,0.6615067812255911,0.7441634241245136,1.1249520719134312,0.4375912216074421,의령군,0.00904977375565611,False
3,진주시,73,222151,10016,71410,88811,2306,4730,1161,0.5442729488220959,0.1997270796813317,0.25599997149657244,경상남도,0.5543031188171338,0.6722569641841956,1.2127966474711016,0.3072519475304015,진주시,0.0025226622137404582,False
3,창녕군,74,42454,2432,9820,22968,341,1376,405,0.372604314479191,0.2126704147432328,0.4147252707775762,경상남도,0.7005001829937783,0.8013977868375073,1.144036513184787,0.49070050637431684,창녕군,0.007735664576982803,False
3,창원시마산합포구,75,118848,5303,34428,51553,1061,2793,584,0.4909853577197645,0.20785785003387006,0.3011567922463655,경상남도,0.5995859550365779,0.7247016087182149,1.2086700874672829,0.35950331747712516,창원시마산합포구,0.002719804618117229,False
3,창원시마산회원구,76,135751,6126,43214,53183,1402,2938,645,0.5357086772172881,0.2164913076605422,0.24780001512216968,경상남도,0.551708040706661,0.6769585253456222,1.2270231270846312,0.3043817621803827,창원시마산회원구,0.006087574244726404,False
3,창원시성산구,77,152815,4577,62078,40538,1478,1393,660,0.630920132820692,0.23609533379937084,0.1329845333799371,경상남도,0.39504560692289703,0.48519679554162315,1.2282045086412552,0.15606103154908008,창원시성산구,0.002666187635318477,False
3,창원시의창구,78,163373,7275,58563,53761,2003,2949,802,0.5745058763906653,0.22728479378333374,0.19820932982600092,경상남도,0.4786243367401446,0.5955169628432956,1.2442262482917046,0.22908125571994334,창원시의창구,0.003128081330114583,False
3,창원시진해구,79,112985,3959,39841,37888,944,1702,504,0.5926880521193904,0.1822614538208872,0.2250504940597224,경상남도,0.48743712128034583,0.6432350718065004,1.3196267656368104,0.23759494720207058,창원시진해구,0.011353292823931709,False
3,통영시,80,82316,3966,24532,33981,782,2006,501,0.5096194493663486,0.20990097228843058,0.28047957834522086,경상남도,0.5807427409293662,0.7195121951219512,1.2389516810326573,0.3372621311421529,통영시,0.004934664394123853,False
3,하동군,81,33723,2176,10510,13731,488,983,315,0.35365570419918246,0.20937848383500557,0.43696581196581197,경상남도,0.5664370281754053,0.6682528891910265,1.1797478906765475,0.3208509068881849,하동군,0.01392138063279003,False
3,함안군,82,43671,2062,13147,18710,391,1021,306,0.4496882880358644,0.20982768282432054,0.34048402913981507,경상남도,0.5873120507266849,0.7230878186968839,1.231181648328521,0.3449354449287841,함안군,0.00410105968987607,False
3,함양군,83,26246,1836,6902,11984,333,938,251,0.34649791456925066,0.1983891845246656,0.4551129009060837,경상남도,0.6345441067457376,0.7380015735641228,1.1630421994602822,0.402646223405746,함양군,0.011717983918415376,False
3,합천군,84,32717,3169,6576,17666,516,1883,279,0.30213337100875953,0.19864368465668267,0.49922294433455777,경상남도,0.7287352528669252,0.7849103793247186,1.0770857814779706,0.5310550687710214,합천군,0.007488264659861411,False
4,경산시,85,160457,7388,34467,68309,1047,3741,919,0.5534846333919354,0.19729803416473154,0.249217332443333,경상북도,0.664639604576944,0.781328320802005,1.175566901854029,0.44174580397219654,경산시,0.0015501573363284477,False
4,경주시,86,166609,10203,36443,74270,1515,5565,896,0.4709156029020112,0.2124575259436128,0.316626871154376,경상북도,0.6708335967772528,0.7860169491525424,1.1717018243102926,0.45001771456510586,경주시,0.003291533397640927,False
4,고령군,87,22258,1307,3585,12430,143,755,181,0.37619399973092965,0.2191914435624916,0.40461455670657875,경상북도,0.7761473618482673,0.8407572383073497,1.083244342034771,0.6024047273040252,고령군,0.005234678273144336,False
4,구미시,88,245995,9674,60733,94305,1680,4256,1310,0.6568845593479679,0.1910772306923269,0.15203820995970518,경상북도,0.6082702305241295,0.7169811320754716,1.1787213907504053,0.3699926733418777,구미시,0.0020520132667927217,False
4,군위군,89,17568,1082,2144,10892,96,724,89,0.28407261670541945,0.20837059560007154,0.5075567876945091,경상북도,0.8355323718932188,0.8829268292682927,1.0567236638212874,0.6981143444815081,군위군,0.003308876420658898,False
4,김천시,90,91779,4330,21532,41581,643,2255,577,0.4684113712374582,0.2019732441471572,0.3296153846153846,경상북도,0.6588341546115697,0.7781228433402346,1.1810602681929783,0.43406244328274174,김천시,0.0036526647849908682,False
4,문경시,91,48695,2504,8285,26141,261,1501,292,0.3859270349066267,0.20468048223150265,0.40939248286187063,경상북도,0.7593388717829548,0.8518728717366629,1.121861270892711,0.5765955222006106,문경시,0.0071334503950834065,False
4,봉화군,92,20649,1218,3693,10561,154,675,138,0.3110435663627153,0.21533265788584938,0.4736237757514353,경상북도,0.7409148309246527,0.8142340168878166,1.0989576438518074,0.5489547866841067,봉화군,0.09925350851000299,True
4,상주시,93,67169,3464,11865,35901,374,2064,393,0.37161537671584566,0.2079667727838063,0.420417850500348,경상북도,0.7516015575932672,0.8465955701394585,1.1263887914899688,0.5649049013766253,상주시,0.006392621766580244,False
4,성주군,94,29984,1825,5160,15747,225,1012,199,0.3539243280942536,0.22883403492166288,0.4172416369840835,경상북도,0.7531927105754054,0.8181083265966047,1.08618726005939,0.5672992592639263,성주군,0.0023877100509077805,False
4,안동시,95,106362,5040,22108,50035,667,2662,684,0.45933240313405604,0.19870487639082682,0.34196272047511717,경상북도,0.6935530820731048,0.799639531390808,1.1529608216873601,0.4810158776531029,안동시,0.008239267270266363,False
4,영덕군,96,25977,1606,3622,15256,139,994,204,0.3183904396270531,0.19954969257858732,0.4820598677943596,경상북도,0.808136455132959,0.8773168578993822,1.0856048533969938,0.653084530114865,영덕군,0.004427860696517413,False
4,영양군,97,11974,781,2184,6093,87,427,91,0.31040193642907193,0.20485381234473532,0.48474425122619275,경상북도,0.7361362812613266,0.830739299610895,1.1285129136516294,0.5418966245892549,영양군,0.004980192416525184,False
4,영주시,98,70542,3637,14766,32405,450,1971,466,0.4202918995171179,0.20789973414356247,0.37180836633931963,경상북도,0.6869686883890526,0.8141263940520446,1.1850997109652521,0.4719259788269752,영주시,0.003856660774546039,False
4,영천시,99,65702,3974,11641,33000,504,2222,474,0.40399125267629177,0.20654675352927032,0.3894619937944379,경상북도,0.7392307519992831,0.8151137197358768,1.1026512594766447,0.5464621047014256,영천시,0.004434822817268485,False
4,예천군,100,31954,2036,5014,17609,218,1175,276,0.32713350623687787,0.19014449796220823,0.4827219958009139,경상북도,0.7783671484772134,0.8435032304379038,1.0836829792831335,0.6058554178285485,예천군,0.004476869507544354,False
4,울릉군,101,6773,283,1392,3357,38,153,42,0.414203156256946,0.24038675261169148,0.3454100911313625,경상북도,0.7068856601389766,0.8010471204188482,1.1332060693682187,0.4996873365101167,울릉군,0.00463429377392706,False
4,울진군,102,32398,1611,6730,15884,201,918,210,0.4077042872847197,0.20769970685232686,0.38459600586295345,경상북도,0.7023967453789688,0.8203753351206434,1.1679657408976474,0.49336118791896794,울진군,0.004446495238894249,False
4,의성군,103,37705,2353,5120,22272,209,1461,260,0.2748568876618895,0.20254963257683406,0.5225934797612765,경상북도,0.8130841121495327,0.8748502994011976,1.075965310757795,0.6611057734299939,의성군,0.003189847367518436,False
4,청도군,104,30234,1767,5071,16614,219,998,230,0.3109506496148077,0.20795301416185705,0.4810963362233353,경상북도,0.7661517177772654,0.8200493015612161,1.0703484473549398,0.5869884546530546,청도군,0.00430416068866571,False
4,청송군,105,18322,1343,3051,9815,146,823,111,0.308705008650154,0.2134267268661125,0.4778682644837335,경상북도,0.7628633607958961,0.849329205366357,1.1133438162245084,0.5819605072448095,청송군,0.0037445092532584433,False
4,칠곡군,106,71821,2533,16471,30290,360,1207,398,0.5942549189079261,0.18152422593929535,0.22422085515277848,경상북도,0.6477620239088129,0.7702616464582004,1.1891120782446982,0.4195956396184415,칠곡군,0.001735106998264893,False
4,포항시남구,107,149710,6816,33318,62801,1042,3353,806,0.5263352430234707,0.21950281458690254,0.25416194238962675,경상북도,0.6533671802661285,0.7629124004550626,1.1676625693753309,0.42688867224891164,포항시남구,0.006061684812166879,False
4,포항시북구,108,170846,6629,37507,73583,961,3384,762,0.5193830931848288,0.22150432988204338,0.2591125769331279,경상북도,0.6623728508416599,0.7788262370540852,1.1758124386657016,0.4387377935321078,포항시북구,0.0028678293468777805,False
5,광산구,109,247563,7875,154450,3460,4329,157,644,0.665786923578107,0.17928238099490346,0.1549306954269896,광주광역시,0.021911215249192578,0.03499777084262149,1.5972537554214912,0.00048010135369644933,광산구,0.002168984141223602,False
5,남구,110,145630,7051,81682,2366,3748,143,432,0.543742834714151,0.19565818974524055,0.26059897554060846,광주광역시,0.028150580620597755,0.036751477769211,1.3055317851000194,0.0007924551892767739,남구,0.0025407483865113483,False
5,동구,111,66105,2369,35769,1243,1192,60,184,0.48731043577294253,0.19068512857399747,0.32200443565306003,광주광역시,0.03358370258294607,0.04792332268370607,1.4269815118015519,0.0011278650791797789,동구,0.002528609785980553,False
5,북구,112,291227,10928,171608,4044,5825,172,750,0.5747964030979877,0.20233557039438385,0.22286802650762838,광주광역시,0.023022795072074328,0.028681007170251793,1.2457656457638646,0.0005300490929307299,북구,0.00242735774969658,False
5,서구,113,204210,7214,120060,3031,3818,140,414,0.5969371881124108,0.19336929510879447,0.20969351677879466,광주광역시,0.02462405862329496,0.035371399696816574,1.4364569317323816,0.000606344263083467,서구,0.00248105837553488,False
6,남구,114,99314,5172,18792,47271,723,2919,462,0.48696003526300324,0.19813399941228327,0.3149059653247135,대구광역시,0.7155442532128423,0.8014827018121911,1.1201022134039638,0.5120035783059242,남구,0.006570133682980361,False
6,달서구,115,372373,14940,79434,157803,2231,7617,1630,0.5744875086433628,0.21685596762838658,0.20865652372825058,대구광역시,0.6651702727652095,0.7734565393988627,1.1627948076865966,0.44245149177054316,달서구,0.005722172816057495,False
6,달성군,116,136916,5406,30503,57199,857,2658,617,0.592265242446786,0.19953142869832668,0.20820332885488724,대구광역시,0.6521972132904609,0.7561877667140825,1.1594464853644026,0.4253612050238429,달성군,0.006188375006809392,False
6,동구,117,224797,12088,44869,93755,1792,6139,933,0.519407145528096,0.2001631709555699,0.28042968351633407,대구광역시,0.6763258887349953,0.7740511915269197,1.1444943989571514,0.4574167077731813,동구,0.006514547574500393,False
6,북구,118,274866,10485,60307,115694,1490,5368,1190,0.5766829918730291,0.20586357153506638,0.21745343659190453,대구광역시,0.6573485377923989,0.7827354913969087,1.1907465315517427,0.43210710013780484,북구,0.0056282423570100165,False
6,서구,119,126938,5932,21038,65195,664,3456,639,0.48121151913502525,0.22848825792142685,0.2903002229435479,대구광역시,0.7560330731854394,0.8388349514563107,1.1095215027062204,0.5715860077502201,서구,0.00476945784592338,False
6,수성구,120,283046,9784,62347,117854,1534,4830,1048,0.5578310037226943,0.20718128819273723,0.23498770808456837,대구광역시,0.6540141286674325,0.7589566310496543,1.160459075396497,0.42773448049662094,수성구,0.007611864082214515,False
6,중구,121,51746,2167,11006,23394,264,1230,228,0.5108557948538727,0.18094447599493252,0.3081997291511948,대구광역시,0.6800581395348837,0.8232931726907631,1.2106217466257267,0.46247907314764736,중구,0.007767795438838977,False
7,대덕구,122,104073,4244,39627,22615,1319,1134,397,0.560135113603773,0.215780249195373,0.22408463720085403,대전광역시,0.3633398669708557,0.462291072156543,1.2723378692534846,0.1320158589303991,대덕구,0.12097990461826927,True
7,동구,123,126482,6600,47345,28633,2047,1904,501,0.5324714805387525,0.19726089510403033,0.2702676243572172,대전광역시,0.376859090789439,0.4819033156162997,1.2787360777388055,0.14202277431064264,동구,0.11773276670897953,True
7,서구,124,307051,10755,129827,56923,3519,2569,1100,0.6078588531309606,0.19670467919321455,0.19543646767582484,대전광역시,0.3048085676037483,0.42197766097240474,1.3844022308486306,0.0929082628846488,서구,0.0018582069079747616,False
7,유성구,125,217637,6863,100647,33944,2497,1425,644,0.6577453548104268,0.18643331122676468,0.1558213339628085,대전광역시,0.2522011130016123,0.3633350331463539,1.4406559464471163,0.06360540139925201,유성구,0.0017656639617175227,False
7,중구,126,156070,6848,59393,35443,2022,2080,609,0.5335241347795763,0.19580557492965198,0.2706702902907718,대전광역시,0.37372938546543505,0.5070697220867869,1.3567831211754797,0.13967365356037173,중구,0.008359058653730506,False
8,강서구,127,63369,2230,27582,16451,755,805,187,0.5991855468310572,0.17875222174724953,0.22206223142169326,부산광역시,0.3736061590171008,0.5160256410256411,1.3812021792767646,0.13958156205551123,강서구,0.07881763446074272,True
8,금정구,128,163574,6426,58293,51789,1670,2508,743,0.5006437584046236,0.21278361134159252,0.2865726302537839,부산광역시,0.4704583855671227,0.6002872187649593,1.275962417039994,0.2213310925504235,금정구,0.00285372686255858,False
8,기장군,129,93387,3177,37922,25238,914,1194,312,0.5798787956933789,0.1700728515247244,0.25004835278189674,부산광역시,0.39958834705509816,0.5664136622390892,1.4174929434591041,0.15967084710222557,기장군,0.010611205432937181,False
8,남구,130,181274,7271,66357,56077,1971,2924,702,0.5134593393038406,0.19602023290974427,0.2905204277864152,부산광역시,0.45801819755950146,0.597344228804903,1.3041932219893984,0.2097806692956545,남구,0.0029286704306085215,False
8,동구,131,57714,3367,18500,20497,796,1597,218,0.4402002339416655,0.19940382607820695,0.36039593998012753,부산광역시,0.5256045336820782,0.6673631424989552,1.269705833440589,0.2762601258271548,동구,0.009666459300378044,False
8,동래구,132,180560,7375,65760,56485,1999,3010,615,0.521132658135092,0.20696483560580287,0.27190250625910517,부산광역시,0.46206388809358256,0.6009183469754442,1.3005092206074742,0.2135030366801588,동래구,0.0024223324945321137,False
8,부산진구,133,244030,10394,91006,75152,2921,4148,949,0.521773256532595,0.1986415663395219,0.2795851771278831,부산광역시,0.45229239639379387,0.5867873815249681,1.2973629143525873,0.20456841183564076,부산진구,0.007789812528997004,False
8,북구,134,203037,9246,80374,57845,2995,3207,866,0.5323315717391809,0.2289866062101997,0.23868182205061939,부산광역시,0.4185025213610285,0.5170912608835859,1.2355750192422572,0.17514436038553813,북구,0.0025209619714613293,False
8,사상구,135,149415,6220,59628,44230,1943,2226,673,0.5185076766228915,0.23224686323397298,0.24924546014313545,부산광역시,0.425869937799688,0.5339409930438954,1.2537654003064185,0.18136520392151015,사상구,0.0023641753553189327,False
8,사하구,136,210020,10077,78537,61306,2956,3726,920,0.5231142339236684,0.21460749783654617,0.26227826823978545,부산광역시,0.4383916248936307,0.5576174797964681,1.2719619813260936,0.1921872167768778,사하구,0.007982180577370959,False
8,서구,137,70650,4117,23121,24401,1036,1836,285,0.4517198929708722,0.20387421025322766,0.3444058967759001,부산광역시,0.5134674466562855,0.6392757660167131,1.2450171285048253,0.26364881877572544,서구,0.009590817970991707,False
8,수영구,138,118702,5493,42056,37516,1520,2237,371,0.5092939928597299,0.19241216950380297,0.2982938376364671,부산광역시,0.4714723772181169,0.5954218791589034,1.2628987570218644,0.22228620247970232,수영구,0.0024540905499557068,False
8,연제구,139,137219,5008,50923,42115,1395,2018,489,0.519713691618682,0.202026780001828,0.27825952837949,부산광역시,0.4526645026763258,0.5912686785818928,1.3061962559159954,0.20490515198320536,연제구,0.002317041634341867,False
8,영도구,140,77133,4552,28289,23448,1329,1787,339,0.43557913157606915,0.2074446753436144,0.3569761930803165,부산광역시,0.4532153004619518,0.5734916559691913,1.2653845873796508,0.20540410857281724,영도구,0.010570176229729973,False
8,중구,141,28272,1346,9403,10006,345,625,92,0.4534912532831161,0.2005054759898905,0.3460032707269934,부산광역시,0.5155340306043588,0.6443298969072165,1.249829998907872,0.2657753367111759,중구,0.010824191826036307,False
8,해운대구,142,266056,10647,98702,76777,3128,3946,892,0.5392885458141298,0.20849923185716318,0.25221222232870705,부산광역시,0.43752813726998674,0.557817359344077,1.274929111587315,0.19143087090294436,해운대구,0.0024971313043003116,False
9,강남구,143,365085,12125,125285,93690,3443,3831,1040,0.6170040468437197,0.17675943189531476,0.20623652126096556,서울특별시,0.42785706130836854,0.526670332691779,1.2309492592718785,0.18306166491143303,강남구,0.0013991507993255828,False
9,강동구,144,296878,9915,119199,63035,3122,2757,928,0.5676354130933672,0.20256719132675446,0.22979739557987836,서울특별시,0.34590142344458225,0.4689573056642286,1.355754194343064,0.11964779474098819,강동구,0.0015445531941996986,False
9,강북구,145,210209,9832,86261,39698,3236,2507,699,0.5274809648729926,0.19497586395660488,0.2775431711704026,서울특별시,0.31516604609436405,0.4365314295664287,1.3850839421824221,0.0993296366107548,강북구,0.001599539090157907,False
9,강서구,146,396410,14033,170703,73144,4936,3316,1283,0.5916035250367689,0.18558656946642169,0.22280990549680937,서울특별시,0.29995858058536706,0.4018419777023752,1.3396582185386507,0.08997515006678815,강서구,0.001520894476063735,False
9,관악구,147,350653,13274,154767,56954,4872,2846,1221,0.6172649112173659,0.1613711361034413,0.22136395267919276,서울특별시,0.2690049640800865,0.3687483804094325,1.3707865268227948,0.07236367069972863,관악구,0.0014970332350478686,False
9,광진구,148,211857,7420,89315,40395,2445,2002,652,0.6053161551026298,0.1855931147132333,0.20909073018413682,서울특별시,0.31142548762624317,0.4501911400944457,1.4455821953620633,0.09698583434324334,광진구,0.11669080853305241,True
9,구로구,149,278313,10876,117239,56351,3672,2755,1065,0.5710665771543658,0.1872159293805082,0.24171749346512592,서울특별시,0.32462123394204734,0.4286603391940252,1.3204938382759992,0.10537894552605742,구로구,0.0014089897986919694,False
9,금천구,150,154709,6397,65006,29511,2289,1547,549,0.55107312124138,0.20813503830300298,0.24079184045561705,서울특별시,0.3122295460075965,0.4032846715328467,1.2916287926288528,0.09748728940010983,금천구,0.0017862761217509566,False
9,노원구,151,373403,13632,153397,64330,4511,3120,1284,0.5722671117522874,0.19699782848246072,0.23073505976525183,서울특별시,0.2954617479687866,0.4088586030664395,1.3837953842662316,0.08729764451277078,노원구,0.0017673870577656506,False
9,도봉구,152,228815,10469,91365,44663,3382,2706,843,0.5332305362052849,0.20621285828324248,0.2605566055114726,서울특별시,0.32833681300908635,0.4444809461235217,1.353734727611007,0.10780506277696374,도봉구,0.001706952142119571,False
9,동대문구,153,235715,11552,94934,48347,3907,3208,817,0.5567819821476659,0.1860964604036808,0.25712155744865317,서울특별시,0.3374278515644084,0.45087842586085736,1.3362217249419717,0.11385755501137243,동대문구,0.0012816341167017512,False
9,동작구,154,276244,11704,117505,51299,4061,3047,848,0.5878286624054693,0.17572463768115942,0.23644669991337125,서울특별시,0.30389682708940546,0.428671918964547,1.4105837269516246,0.092353281515008,동작구,0.0013681288425402916,False
9,마포구,155,256579,9374,113840,44300,3353,2168,745,0.6160388061847357,0.16827369361992067,0.21568750019534363,서울특별시,0.2801315290249146,0.3926824850570549,1.4017789658447555,0.07847367355383658,마포구,0.0013546249458455117,False
9,서대문구,156,211616,9367,90231,38130,3386,2311,705,0.5633864752662686,0.18562410094731271,0.25098942378641864,서울특별시,0.2970528431532942,0.4056520975952256,1.3655890086394114,0.08824039162545562,서대문구,0.0016606965989231536,False
9,서초구,157,292459,8957,103663,72089,2619,2706,808,0.6103061007091531,0.17512734597431776,0.2145665533165291,서울특별시,0.4101745641585871,0.508169014084507,1.238909134034045,0.16824317308268688,서초구,0.0012685665749254027,False
9,성동구,158,202831,10316,82746,38087,3814,2425,655,0.5860683291732031,0.18771975920187323,0.22621191162492368,서울특별시,0.31520362814793973,0.38868408398781856,1.2331205902407667,0.09935332719762466,성동구,0.001414516078332757,False
9,성북구,159,295403,13858,123988,54270,5106,3243,933,0.5686865713596236,0.1846554069642559,0.24665802167612047,서울특별시,0.3044463642585466,0.3884297520661157,1.2758561036263434,0.09268758871024764,성북구,0.001284473392668868,False
9,송파구,160,440524,14474,172463,94702,4665,3709,1258,0.6004015917102091,0.1893490257004038,0.21024938258938713,서울특별시,0.35447008403046804,0.44291855743969427,1.2495230976998999,0.12564904047256706,송파구,0.0012251836869329447,False
9,양천구,161,310426,9638,130451,58400,3231,2348,936,0.5822309473733348,0.2049128248483544,0.21285622777831084,서울특별시,0.30923850019327404,0.4208639541136404,1.3609688116149847,0.09562845000178555,양천구,0.0012174636687265947,False
9,영등포구,162,248422,10131,102259,50824,3422,2717,805,0.576748341475469,0.1837936649748766,0.23945799354965436,서울특별시,0.33200290038737157,0.44258022479231146,1.3330613204761808,0.11022592586562698,영등포구,0.001423652703999398,False
9,용산구,163,147926,8054,55442,32823,2551,2356,495,0.561041862354345,0.18245792186032342,0.25650021578533166,서울특별시,0.371868804169263,0.48013042592215205,1.2911285392565808,0.13828640751427768,용산구,0.0014896421643750468,False
9,은평구,164,316643,15587,134442,56263,5519,3743,1112,0.5570574757234473,0.18947470510504685,0.2534678191715058,서울특별시,0.2950263495975459,0.4041243791837616,1.369790799144007,0.08704054695685338,은평구,0.0016076769068695735,False
9,종로구,165,102360,4169,41080,21148,1368,1135,359,0.5411321942917976,0.1916903446362839,0.26717746107191853,서울특별시,0.33984701420582375,0.45345585297642826,1.3342940618033468,0.11549599306461338,종로구,0.0016348689791322855,False
9,중구,166,82695,3090,32974,17061,1028,806,254,0.5389482551804339,0.19206292521678617,0.26898881960278,서울특별시,0.3409813130808434,0.4394765539803708,1.2888581782080684,0.11626825587033614,중구,0.0018089794661586129,False
9,중랑구,167,263294,14505,105093,52490,4972,3798,935,0.5488395628887549,0.20700242207843894,0.2441580150328061,서울특별시,0.33309430585786537,0.4330672748004561,1.3001341277363359,0.11095181659493317,중랑구,0.009774100419655346,False
15,세종시,168,152349,4662,75920,22084,1673,1064,536,0.649870415455902,0.16024503259247624,0.18988455195162177,충청남도,0.22533774131668094,0.3887468030690537,1.7251739579777006,0.050777097661703414,세종시,0.0023470458911842183,False
10,울산남구,169,219012,8256,78277,60233,2189,2995,903,0.5923138377671016,0.2252202424202988,0.18246591981259963,울산광역시,0.43486390874305103,0.5777391975308642,1.3285517282884798,0.1891066191272846,남구,0.0020764898293667055,False
10,울산동구,170,108794,4628,43304,22515,1540,1145,563,0.597512207137372,0.2157801701030181,0.18670762275960995,울산광역시,0.34207447697473375,0.4264432029795158,1.2466384711040972,0.11701494779753766,동구,0.0018650192330108403,False
10,울산북구,171,122619,3543,50889,25559,1063,982,547,0.6450101175214379,0.213232531621374,0.14175735085718805,울산광역시,0.3343318334030975,0.48019559902200487,1.4362844068247673,0.11177777482667656,북구,0.002046939761487019,False
10,울산울주군,172,135954,5466,46950,40269,1403,1997,731,0.5591972368742995,0.21429018509983327,0.22651257802586733,울산광역시,0.4616998589756819,0.5873529411764706,1.2721531743144998,0.21316675977816454,울주군,0.002377938019485881,False
10,울산중구,173,156627,6010,55029,45291,1490,2245,781,0.5597371926849946,0.2240876428081224,0.21617516450688304,울산광역시,0.4514653110047847,0.6010709504685409,1.331377928308141,0.20382092704064697,중구,0.002176789858268925,False
11,강화군,174,43632,2159,11650,16105,409,885,290,0.34666778019041256,0.21227659929848003,0.4410556205111074,인천광역시,0.5802558097640065,0.6839258114374034,1.178662582828012,0.3366968047648829,강화군,0.004966773994656436,False
11,계양구,175,205361,7896,86011,35443,2695,1733,797,0.587881987256632,0.23392128053867678,0.17819673220469126,인천광역시,0.29182241836415435,0.39137308039747065,1.341134387794329,0.08516032385990353,계양구,0.0019187466303003393,False
11,남구,176,253394,11184,92956,57063,3150,3430,993,0.5543836967985575,0.20028578232912597,0.24533052087231655,인천광역시,0.3803718195695212,0.5212765957446809,1.370439577607579,0.1446827211226284,남구,0.002179162870123167,False
11,남동구,177,326468,12508,131744,62825,4028,3203,1188,0.5941012473848524,0.2069874890407337,0.198911263574414,인천광역시,0.3228931638647472,0.4429539482782464,1.3718282015527279,0.10425999527058649,남동구,0.002520883792200089,False
11,동구,178,44574,1919,15944,10817,521,615,197,0.502807425767616,0.1928777378724265,0.3043148363599575,인천광역시,0.40420761555995666,0.5413732394366197,1.3393444818862328,0.1633837964766657,동구,0.0017891007979389559,False
11,부평구,179,344712,13258,142240,63245,4361,3230,1316,0.5779443381786159,0.2131272825497357,0.2089283792716484,인천광역시,0.3077840231647079,0.4255038861810038,1.3824755482947833,0.09473100491545343,부평구,0.0016071671219525909,False
11,서구,180,305936,9598,129049,53903,3095,2239,1080,0.6218108645935431,0.20712178363875772,0.17106735176769927,인천광역시,0.29462919235646506,0.41976002999625045,1.424706176054654,0.08680636098862289,서구,0.0018501338563893233,False
11,연수구,181,207543,7956,82923,39856,2714,1980,683,0.6202069083773125,0.21448358641187343,0.1653095052108141,인천광역시,0.3246157730556528,0.4218150830847891,1.299428795816623,0.1053754001165191,연수구,0.002347913878518936,False
11,옹진군,182,10591,536,2846,3782,89,180,123,0.43318532614441274,0.21630193466539804,0.3505127391901892,인천광역시,0.5706095353047677,0.6691449814126395,1.172684541724742,0.3255952417807229,옹진군,0.2939911966424404,True
11,중구,183,69020,3192,26978,15122,969,985,228,0.5688325991189427,0.18311589291765504,0.24805150796340222,인천광역시,0.35919239904988126,0.5040941658137155,1.4034098915988242,0.12901917953520914,중구,0.002603636034322715,False
12,강진군,184,24964,1469,11688,701,675,48,159,0.3524722377318692,0.19722067125752218,0.4503070910106086,전라남도,0.056582452175316815,0.06639004149377593,1.1733327019492013,0.0032015738941720147,강진군,0.008844205911255575,False
12,고흥군,185,46710,3307,25051,1220,1717,96,399,0.2905552871399297,0.18896089832230978,0.5204838145377605,전라남도,0.04643903924479464,0.052950910093767234,1.1402240648142288,0.0021565843659795765,고흥군,0.005207041904289611,False
12,곡성군,186,21087,1520,11297,568,763,52,194,0.348246991104134,0.19615758391268595,0.45559542498318006,전라남도,0.04787189211967973,0.0638036809815951,1.3328004838849046,0.0022917180551182545,곡성군,0.007514088916718848,False
12,광양시,187,96069,3845,61097,3912,2289,171,322,0.5837189246562847,0.21248984194901901,0.20379123339469626,전라남도,0.06017628328385301,0.06951219512195123,1.155142712853509,0.003621185069858527,광양시,0.002587073502454024,False
12,구례군,188,18855,1137,11162,578,679,41,109,0.35732833851262186,0.20271593376186625,0.4399557277255119,전라남도,0.049233390119250424,0.05694444444444444,1.1566224529027298,0.002423926702634305,구례군,0.003279737620990321,False
12,나주시,189,71135,3616,41795,1339,1963,74,339,0.4686432923427143,0.18760461535028009,0.3437520923070056,전라남도,0.031042796865581677,0.03632793323514973,1.1702532279051145,0.0009636552372377676,나주시,0.005372674226577122,False
12,담양군,190,32921,1905,18877,647,1034,48,187,0.38108785803838363,0.20438325778763622,0.41452888417398015,전라남도,0.03313870108584307,0.04436229205175601,1.3386853014196045,0.0010981735096568565,담양군,0.0025654678348419574,False
12,목포시,191,144234,5598,74626,2447,2538,107,510,0.5557185376417499,0.19697244476685263,0.2473090175913974,전라남도,0.03174912096324264,0.04045368620037807,1.2741671256729625,0.001008006681938613,목포시,0.009468190854870776,False
12,무안군,192,51858,2548,27992,905,1226,60,199,0.49305113997638295,0.18658975989342053,0.32035910013019653,전라남도,0.03131812990967921,0.04665629860031104,1.4897536581803184,0.0009808252610395433,무안군,0.010360995442473524,False
12,보성군,193,29819,2038,15518,680,1068,49,183,0.32300588174594985,0.1901764523784955,0.48681766587555464,전라남도,0.041980491418693665,0.043867502238137866,1.0449497077255252,0.0017623616597550124,보성군,0.004770663294631567,False
12,순천시,194,180847,8243,117226,4255,5043,233,649,0.5515495927767576,0.2090933865873218,0.23935702063592054,전라남도,0.03502605345691919,0.04416224412433662,1.2608398539291508,0.0012268244207669608,순천시,0.002855569540591567,False
12,신안군,195,28640,1967,13327,659,881,48,190,0.3380722577279249,0.20417373157688795,0.4577540106951872,전라남도,0.04711854711854712,0.05166846071044134,1.096563113044359,0.002220157482562745,신안군,0.011138367698733673,False
12,여수시,196,184680,7954,112631,4010,4503,232,675,0.510699455686421,0.20759066939531093,0.28170987491826804,전라남도,0.034378991949657496,0.048996832101372755,1.4251968810813516,0.001181915087474615,여수시,0.004028982415255976,False
12,영광군,197,35736,2333,19279,754,1225,61,194,0.4027179246490592,0.19612151725903487,0.401160558091906,전라남도,0.03763789746917586,0.04743390357698289,1.260269748485011,0.0014166113259001948,영광군,0.004436350051368264,False
12,영암군,198,36105,2108,17886,759,953,54,210,0.43547565479475314,0.19637475060491574,0.3681495946003311,전라남도,0.04070796460176991,0.05362462760675273,1.3173006346876215,0.0016571383820189521,영암군,0.00867635189669088,False
12,완도군,199,34145,2018,19422,712,1101,34,262,0.3699604391696671,0.19398141974485486,0.4360581410854781,전라남도,0.035363067448097744,0.029955947136563875,0.8470969657971588,0.0012505465393387104,완도군,0.02017782282213111,True
12,장성군,200,30547,1729,16395,779,925,64,148,0.3963180772181028,0.19596011250319612,0.4077218102787011,전라남도,0.045359264003726564,0.06471183013144591,1.4266507967618125,0.0020574628309597645,장성군,0.0036206045312414284,False
12,장흥군,201,27035,2433,13601,566,1167,65,158,0.3509566823468298,0.19791636605004184,0.4511269516031283,전라남도,0.03995200112938519,0.052759740259740256,1.3205781630030746,0.0015961623942423956,장흥군,0.00375234521575985,False
12,진도군,202,21036,1384,9738,476,591,31,175,0.3488296253351692,0.1972606710631205,0.4539097036017103,전라남도,0.04660270217348737,0.04983922829581994,1.0694493231376152,0.0021718118498707645,진도군,0.006145097679537742,False
12,함평군,203,23197,1578,12620,435,840,29,157,0.3384432403858861,0.19664331967754725,0.4649134399365667,전라남도,0.033320566832631175,0.0333716915995397,1.0015343306482547,0.0011102601740478407,함평군,0.006138472519628836,False
12,해남군,204,47961,3080,24290,1031,1397,112,327,0.36655887688303496,0.20217682782553828,0.4312642952914268,전라남도,0.04071719126416808,0.07422133863485753,1.8228501605947889,0.0016578896644428456,해남군,0.008462988284859013,False
12,화순군,205,43418,2343,24580,707,1212,57,222,0.4358287789311521,0.20148186186406486,0.362689359204783,전라남도,0.02795903033179104,0.04491725768321513,1.6065384653966917,0.0007817073770940113,화순군,0.0030408829823178286,False
13,고창군,206,38843,2887,22035,1101,1637,91,279,0.3616442138898203,0.19625633641689186,0.44209944969328785,전북특별자치도,0.04758817427385892,0.052662037037037035,1.106620244222424,0.002264634330719168,고창군,0.009086561453849833,False
13,군산시,207,155045,7587,94161,5304,4381,368,412,0.529713357701135,0.19686469606610624,0.27342194623275873,전북특별자치도,0.0533252903031217,0.07748999789429353,1.4531566064396506,0.002843586585912205,군산시,0.09957749764556459,True
13,김제시,208,57270,3719,33436,1877,2086,150,304,0.3809871204785717,0.19581912960432943,0.42319374991709885,전북특별자치도,0.053153229688783166,0.06708407871198568,1.2620884771211245,0.0028252658263485404,김제시,0.00983597911502558,False
13,남원시,209,54885,3129,33376,1794,1871,130,263,0.41704579488569105,0.1987820357402627,0.38417216937404625,전북특별자치도,0.051009382996872334,0.06496751624187906,1.273638543047317,0.002601957153721608,남원시,0.008191472330433854,False
13,무주군,210,16811,1171,9646,1098,627,112,95,0.3522890672109096,0.20130803840623407,0.44640289438285635,전북특별자치도,0.10219657483246464,0.15155615696887687,1.48298665799054,0.010444139907487545,무주군,0.010597966569016026,False
13,부안군,211,36355,2470,20906,1384,1420,99,212,0.37091546568277717,0.20003261512118556,0.42905191919603725,전북특별자치도,0.06209062359802602,0.065174456879526,1.049666650176759,0.003855245538791746,부안군,0.007503439076243278,False
13,순창군,212,16733,1209,9501,514,680,43,105,0.3592909148464704,0.18716365938588161,0.453545425767648,전북특별자치도,0.05132301547678482,0.059474412171507604,1.158825365559628,0.0026340519176302943,순창군,0.1738093406170655,True
13,완주군,213,61966,3608,38556,1945,2169,140,234,0.48144698226362126,0.19307132831440602,0.3254816894219727,전북특별자치도,0.04802350559245451,0.060632308358596794,1.2625548179082409,0.0023062570893885095,완주군,0.008201278843480679,False
13,익산시,214,190703,9136,117261,6044,5236,369,713,0.5185036512628383,0.20378952831604003,0.27770682042112177,전북특별자치도,0.049016665990835734,0.06583407671721678,1.3430957692945755,0.0024026335448571524,익산시,0.0075601268746343115,False
13,임실군,215,20192,1683,11801,691,989,65,147,0.3485059606750271,0.1935671156525778,0.4579269236723951,전북특별자치도,0.0553154018571886,0.061669829222011384,1.1148762758919917,0.0030597936826222637,임실군,0.00863583138173302,False
13,장수군,216,13623,1234,8284,562,780,59,93,0.35597947900582755,0.1968421576928824,0.44717836330129,전북특별자치도,0.06353153967895094,0.07032181168057211,1.10688033118566,0.004036256533978117,장수군,0.15274254220978042,True
13,전주시덕진구,217,187334,6667,121098,4902,3956,247,489,0.5818610180669571,0.19089189329908537,0.22724708863395754,전북특별자치도,0.03890476190476191,0.05876754699024506,1.5105489434457116,0.0015135804988662134,전주시덕진구,0.0027190980253986733,False
13,전주시완산구,218,234237,8323,151345,6595,4879,335,682,0.5706752002654079,0.19879322380652875,0.23053157592806342,전북특별자치도,0.04175636317588958,0.06425009589566552,1.5386899387052937,0.0017435938656767873,전주시완산구,0.00902575315840622,False
13,정읍시,219,73106,4931,42694,1986,2856,167,374,0.42611833962578133,0.19748926123539995,0.37639239913881867,전북특별자치도,0.04444941808415399,0.05524313595765796,1.2428314776375415,0.0019757507680199155,정읍시,0.007614054796230419,False
13,진안군,220,17927,1430,10928,745,886,65,90,0.33739604875258505,0.2044264531174374,0.45817749812997755,전북특별자치도,0.06382249635911934,0.0683491062039958,1.0709249888848897,0.004073311041509801,진안군,0.00887179084556803,False
14,서귀포시,221,100734,4909,41893,18798,1688,1150,625,0.49945472838437777,0.20552166663148785,0.2950236049841344,제주특별자치도,0.3097329093275774,0.40521494009866105,1.3082721528634875,0.09593447512052529,서귀포시,0.004434902526170626,False
14,제주시,222,272047,10018,121741,45796,3502,2079,1331,0.5764702413975166,0.1958034836071066,0.22772627499537682,제주특별자치도,0.2733485737478885,0.3725138864002867,1.3627796966076695,0.07471944277000485,제주시,0.003603002118058753,False
15,계룡시,223,26226,731,9240,6050,193,179,105,0.624001224552273,0.1911219960202051,0.18487677942752181,충청남도,0.39568345323741005,0.48118279569892475,1.216080156402737,0.15656539516588167,계룡시,0.010425222720667215,False
15,공주시,224,66538,3156,23980,17361,820,1017,396,0.43442333422531443,0.21015788065293015,0.3554187851217554,충청남도,0.419946300283012,0.5536200326619488,1.3183114895615244,0.1763548951213897,공주시,0.007059905714614235,False
15,금산군,225,32846,1764,10715,8891,436,488,244,0.3744529305758174,0.2075216682399382,0.4180254011842444,충청남도,0.4534836274609813,0.5281385281385281,1.1646253495314345,0.20564740037517007,금산군,0.003301291387513351,False
15,논산시,226,71823,3844,26760,15918,1202,965,378,0.43029343017752625,0.2023200108177024,0.3673865590047714,충청남도,0.3729790524391958,0.44531610521458237,1.1939440091938653,0.1391133735584404,논산시,0.008139251985048548,False
15,당진시,227,94828,4616,35566,22116,1349,1399,423,0.5354813791464266,0.18533951305019533,0.27917910780337807,충청남도,0.38341250303387536,0.5090975254730713,1.327806269865152,0.1470051474827015,당진시,0.005889320260577746,False
15,보령시,228,62391,3281,19692,18275,782,1122,428,0.4368547556369463,0.20415474419137003,0.35899050017168366,충청남도,0.48133905760265494,0.5892857142857143,1.2242632401797928,0.23168728837381197,보령시,0.006379744311810003,False
15,부여군,229,42877,2212,12812,12989,508,709,275,0.3507315792926973,0.20083983990551801,0.44842858080178466,충청남도,0.5034300996085423,0.5825801150369762,1.1572214603178859,0.25344186519186684,부여군,0.00862290390048802,False
15,서산시,230,98067,4701,35689,23076,1295,1400,461,0.5292767687364763,0.1921039786097815,0.2786192526537422,충청남도,0.3926827193057092,0.5194805194805194,1.3229014009045208,0.1541997180413264,서산시,0.007877574740104604,False
15,서천군,231,34645,1989,11889,9246,548,608,206,0.3410683280563783,0.19397405780819119,0.4649576141354305,충청남도,0.43747338537970193,0.5259515570934256,1.202248124504602,0.19138296291557721,서천군,0.006861216306527067,False
15,아산시,232,173371,6890,71227,34793,2087,1895,739,0.6164200839999155,0.17205630949114625,0.21152360650893817,충청남도,0.3281739294472741,0.475891511803114,1.4501197965500574,0.10769812796886442,아산시,0.001814849095297726,False
15,예산군,233,49520,2485,13341,17856,501,1013,277,0.3786491818168916,0.20602886703282666,0.4153219511502817,충청남도,0.5723627271853062,0.6690885072655218,1.1689938486314115,0.3275990914710013,예산군,0.0024396938184257874,False
15,천안시동남구,234,150793,5423,58105,33329,1475,1484,672,0.5820690787725984,0.201029757678505,0.21690116354889658,충청남도,0.3645142944637662,0.5015207840486651,1.375860402913548,0.13287067086841725,천안시동남구,0.0018082991413222792,False
15,천안시서북구,235,210954,6949,91176,35523,2343,1649,773,0.6794182616354664,0.17573783326575979,0.1448439050987739,충청남도,0.28037316790187766,0.4130761523046092,1.473308431743988,0.07860911327933448,천안시서북구,0.006114300923989505,False
15,청양군,236,20578,1098,5938,6707,225,379,126,0.33769376446657784,0.19860419443080593,0.46370204110261626,충청남도,0.5304072756030052,0.6274834437086093,1.1830219391226129,0.2813318780126023,청양군,0.0030100082775227632,False
15,태안군,237,38404,2181,12167,11875,551,751,262,0.3854332129963899,0.2057942238267148,0.4087725631768953,충청남도,0.4939272939023376,0.5768049155145929,1.1677931603201552,0.24396417166168616,태안군,0.007946138489842252,False
15,홍성군,238,59405,4721,19453,15289,1490,1347,312,0.46498478122255504,0.1921536073916339,0.34286161138581106,충청남도,0.44007253468424384,0.47479732111385264,1.078906961222936,0.193663835783415,홍성군,0.003288862955202504,False
16,괴산군,239,25755,1446,7540,8908,314,512,150,0.31843413900774836,0.22785359084075402,0.4537122701514976,충청북도,0.5415856031128404,0.6198547215496368,1.1445184620620148,0.29331496549909913,괴산군,0.0021373693027554735,False
16,단양군,240,17585,817,4574,7066,156,358,96,0.3568887390929858,0.23098528255252218,0.412125978354492,충청북도,0.6070446735395189,0.6964980544747081,1.1473588103715826,0.36850323567270105,단양군,0.10691454184730693,True
16,보은군,241,22121,1135,6885,7146,293,393,153,0.33004433481116036,0.21494049801660056,0.45501516717223905,충청북도,0.5093008338678641,0.5728862973760933,1.124848536031901,0.25938733937850167,보은군,0.009289801413665432,False
16,영동군,242,32275,1592,9944,10330,376,573,198,0.37877341334788145,0.20740134569921803,0.4138252409529005,충청북도,0.509519581730295,0.6037934668071654,1.1850250480201812,0.25961020416661473,영동군,0.007807386629266012,False
16,옥천군,243,32736,1828,10554,9748,450,606,222,0.38542459375979227,0.20961099422534582,0.4049644120148619,충청북도,0.48014973894197616,0.5738636363636364,1.1951763998209424,0.23054377180604785,옥천군,0.011752729964834351,False
16,음성군,244,56219,2655,19769,14347,705,757,343,0.4844726586435942,0.2181793671413515,0.29734797421505427,충청북도,0.420535818970571,0.5177838577291382,1.2312479326888741,0.17685037503724887,음성군,0.009052168342478344,False
16,제천시,245,84386,3990,27477,25491,945,1422,464,0.47142719475763706,0.2170797305229222,0.3114930747194407,충청북도,0.48125283189850476,0.6007604562737643,1.2483260699034462,0.2316042882103305,제천시,0.002865174613471727,False
16,증평군,246,19018,810,6635,4917,194,260,109,0.5460602645274638,0.19358902111578877,0.26035071435674745,충청북도,0.4256405817174515,0.5726872246696035,1.3454713889329388,0.18116990480477052,증평군,0.12473572938689217,True
16,진천군,247,40976,1681,15266,9726,443,505,220,0.51334584506308,0.2062002571855559,0.28045389775136415,충청북도,0.38916453265044815,0.5327004219409283,1.3688308600809869,0.15144903347304173,진천군,0.006472863763453215,False
16,청주시청원구,248,114505,3882,48837,22860,1205,1069,439,0.6226822563015468,0.1754893842535855,0.20182835944486768,충청북도,0.31884179254362105,0.4700967458223395,1.474388730762217,0.10166008867242948,청주시청원구,0.0072738985143532,False
16,청주시상당구,249,105519,4029,40781,25706,1134,1299,449,0.5410914812960447,0.20968457191903297,0.2492239467849224,충청북도,0.38663197316768694,0.5339087546239211,1.3809224060017364,0.14948428267553898,청주시상당구,0.007145326725826899,False
16,청주시흥덕구,250,287210,9717,119453,58726,3061,2630,1171,0.6054220300193608,0.19754571042247698,0.19703225955816217,충청북도,0.32958990677913785,0.462133192760499,1.4021460707842004,0.10862950665068077,청주시흥덕구,0.0023114988930850373,False
16,충주시,251,126572,5144,41889,36654,1234,1779,623,0.494074301149279,0.21469018051836128,0.2912355183323597,충청북도,0.46667430579427827,0.5904414205111185,1.2652109044362083,0.21778490768857153,충주시,0.006420330640936613,False
